0000 「이 순간 강호에는 이 장보도(藏寶圖) 때문에, 매일 다리가 끊어지도록 뛰는 말이, 적어도 백여 필은 된다. 무림의 호걸들이 길을 가다 누군가 장보도 조각을 소유했다는 소리를 듣기라도 하면, 즉시 검을 빼든다. 장보도를 손에 쥔 자가 한 명이라도 적으면 <color=#FF0000>연남천보장(燕南天寶藏)</color>을 나눠 가질 적수가 그만큼 적어지기 때문이다...」
0001 「이 소식은 본래 드문드문 전해졌을 뿐, 언제부터, 어디서부터, 누구의 입에서 시작되었는지 모르지만, 이미 거리와 골목마다 들끓고 있다. 무림의 호걸들은 그것이 사실이기를 바라며, 사실이 아니기를 바라지 않는다. 아무도 이 만에 하나의 기회를 놓치고 싶어 하지 않는다...」 
0002 「이 광경...낯이 익다. 마치 회안봉(回雁峰) 사건의 시작과 같구나...」
0003 ...... 사람들이 이미 아미산(峨嵋山)에 모여들었다.
0004 당시 어머니와 심대협(沈大俠)도 아마 같은 마음으로 회안봉에 오르셨겠지만, 그저 돌아오지 못한 게 유감이에요.
0005 하지만 당시 산에 오르지 않은 일대 고수들도 그저 타향에서 뼈를 묻었을 뿐, 결국 결백을 입증하기 어려워 비웃음과 욕설을 감수해야 했죠.
0006 아이고, 직접 보지 않았다면, 나도 이렇게 많은 사람들이 올 거라고는 믿지 않았을 거야! 그저 가짜 장보도 하나 때문에...
0007 ...물론, 아미산 사건이 벌어진 과정이, 자네들이 말한 회안봉 사건과 똑같기 때문이지.
0008 다른 건 나를 믿지 않아도 돼. 하지만 이건 절대 농담이 아니야.
0009 이 장보도가 강호에 흘러든 시점이 수상쩍긴 하지만...이 꼬마야, 자네는 일찍부터 이 일을 알아챈 것 같은데?
0010 "믿음"은 가장 위험한 함정이지.
0011 사람을 믿든, 일을 믿든, 일단 믿기 시작하면...위험과 상처가 시작되는 거야.
0012 이번에도 그렇고, 회안봉 전투 때도 그랬지.
0013 맞아. 심지어 무림인들이 난전을 벌이는 광경까지...내가 그때 본 것과 비슷하군.
0014 그러나 그때는 내가 일찍 자리를 떴기에, 간신히 화를 면할 수 있었지. 그런데 이번엔...어쩔 수 없이 산에 오를 수밖에 없겠어.
0015 콜록콜록, 그래...어쩔 수 없이...
0016 회안봉 사건 당시, 아마도 나는 일찍 꺼림칙함을 깨달았어야 했고, 일찍 행동했어야 했는데...그때의 나는 그저 성문 밖에 앉아, 온종일 술만 마셨지. 대협 혼자...흥운장(興雲莊)을 지켜냈고, 그로 인해 오늘날의 모습이 되고 말았어.
0017 우선 용소운(龍嘯雲)을 찾는 게 먼저야.
0018 ...여러분 산에 오르고 싶으시겠지만, 우리가 하는 일은 보물 쟁탈이 아니라, 문파에서 잃어버린 물건을 되찾는 것임을 명심하세요.
0019 물론, 물론이오. 그래서 우리가 여기 모인 거고, 함부로 산에 오르지 않는 거요. 
0020 큭큭, 문파의 흥망과 체면이 걸린 일이니, 우리가 돌을 던져 제 발등 찍을 일은 없을 거요. 쓸데없는 일에 휘말릴 필요도 없고.
0021 우리가 산에 오르는 건, 모두 명분 있고 바른 중대사 때문이오. 누구든 우리를 막는다면, 강호 각파의 적이 될 거요.
0022 여러분 말씀이 맞소. 누구든 우리를 막는다면...우리는 목숨을 걸고 싸워야 할 거요. 비급(秘笈)을 얻지 못하면, 절대 산에서 내려오지 않겠소.
0023 ...저는 공퇴(崆峒) 장문인 일범대사(一帆大師) 관산문(關山門)의 제자입니다.
0024 스승님께서 사형제들을 이끌고 회안봉에 오르신 후, 이 공퇴파는...정말로 제 손에 문을 닫았습니다...
0025 이제 저는 반드시 연남천이라는 위군자가 남긴 보물 속에서, 우리 문파의 무학비전(武學秘典)을 되찾아, 사문을 재건할 것입니다.
0026 더 이상 말할 필요 없습니다. 저는 이미 산에 오를 결심을 했습니다.
0027 제 이름은 화석향(花惜香)이에요. 아버지는 "옥면신판(玉面神判)"이라 불리시는데, 아버지 이름을 들어보지 못했다면 귀가 좋지 않으신 거예요.
0028 ...하지만 아버지는 비록 일대 신판(神判)이시지만, 결국 나이가 드셨어요. 그저 과거를 거울삼아, 아미산 일에 참여하지 말라고만 하시죠.
0029 이 보물이 진짜든 가짜든, 다음 대 가주인 제가 직접 가봐야겠어요. 보수적인 사고방식 때문에 가문이 쇠락하도록 둘 순 없죠.
0030 더 이상 말할 필요 없어요. 저는 이미 산에 오를 결심을 했어요. 
0031 히히...보물을 찾으면, 저는 저희 하가(何家)만의 독문경공(獨門輕功)인 경연상구소(輕烟上九霄)로, 앞장서서...
0032 ......
0033 산에서 내려간다.
0034 아미산에는 보물이 없다.
0035 너의 경공으로는 목숨을 부지하기 어렵다.
0036 알겠다.
0037 산에서 내려간다.
0038 쯧, 너희 누구야? 우리 강남오공자(江南五公子)가 함께 산에 오를 건데 못 봤어?
0039 아미산에는 보물이 없다.
0040 아미산에 보물이 있는지 없는지, 직접 보고 나서 말해야지.
0041 넌 날 속여서 산에서 내려가게 하고, 보물을 혼자 차지하려는 거지? 헛수고 마.
0042 너의 경공으로는 목숨을 부지하기 어렵다.
0043 ...흥, 너희 경공이 나보다 나은 건 할 말이 없어.
0044 하지만 너희는 경공의 진정한 쓰임새를 오해했어. 빠른 게 중요한 게 아니라...적당히 빠른 게 중요한 거지.
0045 제일 느린 녀석보다 조금 더 빠르면서, 앞장서서 위험에 빠지지 않을 정도로 적당히 빠른 게 좋아.
0046 수준으로 치자면, 너희 것이야말로 목숨 버릴 경공이고, 내 것은 연남천의 보물을 손에 넣게 해줄 경공이라고, 하하!
0047 하! 너희 실력으로 감히 내 경공을 논하다니?
0048 잘 들어. 내 건 목숨 부지하는 경공이 아니라, 연남천의 보물을 손에 넣게 해줄 경공이란 말이야.
0049 알겠다.
0050 잠, 잠깐? 넌 뭘 안 거야? 설마 내 묘안을 알아챈 거야?
0051 아이고! 난 너를 믿을 수 없어. 넌 분명 다른 사람한테 이 일을 말할 거야...
0052 사실 난 이 "친구들"을 한번도 믿은 적이 없어. 이제 내 계략이 탄로 났으니, 안전을 위해선...역시 산에 오르지 않는 게 좋겠어.
0053 더 이상 말할 필요 없어. 난 이미 산에 오를 결심을 했어.
0054 다들 나 백능소(白凌霄) 소협이 세상에서 제일 풍류를 아는 재자이자, 제일 영리한 사람이라고 말하지. 여자애들은 날 보기만 해도 미쳐버릴 정도로 말이야. 그런데 어째서인지 남자들은 날 보면, 분면소백려(粉面小白臉)라며 비웃기만 해.
0055 이리저리 생각해봤는데, 내 형주총진장군(荊州總鎮將軍) 집안에 전해 내려오는 36로회풍검(三十六路迴風劍)이 아직 부족해서 그런 것 같아.
0056 내가 연남천의 보물 속에 있는 천하비급(天下秘笈)을 손에 넣기만 하면...날 깔보는 그 남자들도 날 보고 미치게 만들 거야. 
0057 ......
0058 산에서 내려간다.
0059 아미산에는 보물이 없다.
0060 너는 보물이 필요 없다.
0061 알겠다.
0062 산에서 내려간다.
0063 너는 누구야? 네가 감히 무슨 권리로 나한테 명령해? 난 남들이 잘난 척하면서 날 마구 대하는 게 제일 싫어.
0064 집에서나 남들이 우리 아버지 체면 때문에 날 공손히 대하지, 문만 나서면 날 대수롭지 않게 여기더라고.
0065 더 말할 필요 없어. 난 반드시 연남천(燕南天)의 천하비급(天下秘笈)을 모조리 손에 넣어서, 날 얕보는 자들에게 한 방 먹일 거야!
0066 아미산에는 보물이 없다.
0067 네가 감히 날 속이려고? 난 세상에서 제일가는 풍류재자에 제일가는 영리한 사람이라고!
0068 네가 날 속일 마음이 진심이 아니라면, 넌 더욱 나쁜 놈이야. 감히 날 조롱하다니!
0069 난 너희 같은 자들이 제일 싫어. 우리 아버지 앞에선 날 공손히 대하지만, 문만 나서면 날 대수롭지 않게 여기잖아.
0070 더 말할 필요 없어. 난 반드시 연남천의 천하비급을 모조리 손에 넣어서, 날 얕보는 자들에게 한 방 먹일 거야!
0071 너는 보물이 필요 없다.
0072 ...너도 그렇게 생각해?
0073 솔직히 말하자면, 나도 연남천의 비급이 필요하다고 생각하진 않아.
0074 내가 연남천의 무공을 익히면, 날 얕보는 자들은 내가 아미산에서 조종을 저버리고 요행을 바랐다고들 할 거야.
0075 남의 입을 다물게 하려면, 역시 집에 돌아가 열심히 무예를 닦아, 우리 집안의 삽십육로회풍검(三十六路迴風劍)으로 직접 그들을 쓰러뜨려야 해.
0076 난 이 아미산의 보물은 필요 없어.
0077 알겠다.
0078 더 말할 필요 없어. 난 이미 산에 오를 결심을 했어.
0079 난 금사표국(金獅鏢局) 총표두(總鏢頭)의 장자 이명생(李明生)이오. 강호에선 "홍삼금도(紅衫金刀)"라 부르지.
0080 ...장보도의 소문이 강호에 파문을 일으킨 이후로, 호송하기가 날로 어려워지고, 국에서도 많은 표사들이 도망쳤소.
0081 아버지가 중용하던 대표두(大鏢頭) 제갈뢰(諸葛雷)마저 홍화(紅貨)를 호송하던 도중 부대 전체가 실종되어, 지금까지도 행방을 모르오...오늘 내가 명색이라도 있는 무학비급을 가지고 돌아가지 못한다면, 금사표국은 문을 닫아야 할 거요.
0082 더 말할 필요 없소. 난 이미 산에 오를 결심을 했소.
0083 여러분 제 말씀 들어보세요. 교수난심여제갈의 슬기로, 저는 이번 보물이 반드시 진짜일 거라고 이미 계산해냈어요!
0084 역시 사매(四妹)야. 그 황당한 연회의 속셈을, 강호사람들에게 장보도를 포기하게 하려는 거였다는 걸 간파했구나! 그 무명선인(無名善人)이 장보도의 소식을 강호와 나누지 않았더라면, 얼마나 많은 사람들이 인의장(仁義莊)의 계략에 넘어갔을지 모르겠어!
0085 흥, 난 그들이 좋은 무리가 아니라는 걸 일찍부터 알고 있었지. 다만 출가한 사람이 속세의 일에 관여하기 귀찮아서 그랬을 뿐...하지만 이번엔 정말 너무했어!
0086 아이고! 내가 그 심가(沈家) 소협을 찾지 못한 게 이상할 게 없었네. 그이는 인의장에 마음이 식어 은거해 버렸을 게 분명해.
0087 도리어 그 서약우(徐若愚) 자식은, 거지들과 어울리다가, 인의장 같은 사기꾼 무리와 한통속이 되었으니, 그 예쁘장한 얼굴이 아깝기만 하지.
0088 흥, 그 자식이 금(金)가 거지와 함께 칠대고수(七大高手)의 체면을 다 말아먹고 떠난 건 다행이야. 오늘 우리 남은 사람들끼리 이렇게 하기로 하자. 이 보물은 함께 가지든지, 감히 가질 배짱이 없으면 지금 당장 물러나고, 앞으로 강호에서 활동하지 말든지 해야 해.
0089 여러분 말씀도 일리는 있지만, 만약 장보도가 가짜라면...
0090 흐흐, 서대협(徐大俠), 자네 그 좋은 벗 금불환(金不換)이 인의장에게 패한 뒤로, 자넨 겁먹은 거냐? 오늘 우리끼리 이렇게 하기로 하자. 이 보물은 함께 가지든지, 감히 가질 배짱이 없으면 지금 당장 물러나고, 앞으로 강호에서 활동하지 말든지 해야 해.
0091 육소봉(陸小鳳)! 이 개구쟁이가 감히 내 앞에 나타나, 또 인의장과 한패냐! 
0092 여러분 더이상 요언(謠言)으로 강호를 해치지 마세요. 무슨 짓을 하려면...저를 상대하시죠!
0093 더 말할 필요 없어요. 저는 이미 산에 오를 결심을 했어요.
0094 난 다시는 인의장이 하는 말을 단 한마디도 믿지 않을 거야!
0095 더 말할 필요 없어. 난 이미 산에 오를 결심을 했어.
0096 인의장이 이번에는 정말 지나쳤어...보물을 몰래 차지하려 하다니.
0097 더 말할 필요 없습니다. 저는 이미 산에 오를 결심을 했습니다.
0098 심가의 그 소협은 지금 아미산에 계실까...우리 둘은 지금 하늘 끝, 같은 산에 있는 걸지도 모르겠네요.
0099 더 말할 필요 없어요. 저는 이미 산에 오를 결심을 했어요.
0100 ...흥, 지금 더 급한 일이 없었다면, 나, 난 반드시 금대협(金大俠)의 원한을 갚아줬을 텐데.
0101 더 말할 필요 없어. 난 이미 산에 오를 결심을 했어.
0102 본도(本道)는 청성현도관(青城玄都觀)의 도장(道長)이오. 요즘 수일수이(數一數二)한 수도자지...아 됐소. 이 얘기는 이미 다들 들었겠지.
0103 더 말할 필요 없소. 난 이미 산에 오를 결심을 했소.
0104 (소운거사(嘯雲居士)와 함께 간다)
0105 형제들아, 우리가 오늘 여기 모인 건, 강호에선 뭐든지 다 가짜고, 오직 한 가지만이 진실이란 걸 모두 동의한 거야.
0106 존엄!
0107 안온(安穩)!
0108 쾌락!
0109 금전!
0110 권력! 
0111 맞아! 보물만 손에 넣으면, 모든 게 진실이 돼!
0112 너! 너는 또 왜 여기 있어!
0113 ......
0114 산에서 내려간다.
0115 네 병기보(兵器譜) 순위가 몇 위지?
0116 설화도(雪花刀)가 아주 쓸만해.
0117 산에서 내려간다.
0118 으악! 재수없어! 어느 산에 가든 너를 만나다니, 넌 등산을 얼마나 좋아하는 거야!
0119 네 병기보 순위가 몇 위지?
0120 그 백효생(百曉生) 영감이 어쩐 일인지, 오랫동안 감감무소식이라, 나도 갱신을 간절히 기다리고 있단 말이야.
0121 ......
0122 아이고, 됐어. 넌 내 순위나 탐내지 마!
0123 설화도가 아주 쓸만해.
0124 넌 전혀 쓰고 있지도 않잖아! 거짓말하지 마!
0125 넌 아미산에 온 것도, 날 조롱할 심산이었던 거지?
0126 너 아직도 그 설화도를 쓰고 있구나?
0127 ...좀 안됐네.
0128 이렇게 하자. 내가 요전에 요행을 봤거든. 대명호(大明湖) 기슭에서 한바탕 격전을 치르고 나서, 최고급 보도(寶刀) 하나를 주웠지 뭐야.
0129 네 형편도 좋아 보이진 않으니, 이 <color=#FF0000>할록도(割鹿刀)</color>를 너한테 줄게! 넌 칼을 가져가고, 난 떠나면, 우리 사이에 원한도 깨끗이 없어지는 거야!
0130 어이구, 우리 형제는 팔자가 사나워. 농사꾼 제자 몇을 받았더니, 원금도 못 뽑고 자네들이 시장을 접어버렸잖아.  
0131 산채에 발을 들여놨더니, 그 산채마저 자네들이 날려버렸어. 
0132 이제 갈 데가 없어, 아미산에서 운수나 시험해보려고 했더니, 또 자네들을 만나다니!
0133 이번엔...인의장(仁義莊)이 감히 우리 형제의 앞길을 막지 못할 거다!
0134 어? 악인곡(惡人谷)에서 자넬 본 적이 있어.
0135 우리가 다 같이 악인이니, 내가 먼저 가서 저 명문정파(名門正派)의 도련님들부터 해치우고, 다시 와서 자넬 처리하지.
0136 소인은 복거(卜巨)라 합니다.
0137 ...각하는 소인을 모르시나요?
0138 모릅니다.
0139 이 상자 안의 물건은 자네라면 분명 알아볼 텐데?
0140 이것들도 본 적이 없는데요.
0141 당신이 보지 못했다는 건 나도 알고 있소. 이런 보물을 직접 볼 수 있는 사람은 그리 많지 않지. 나, 천상(川湘) 일대 36방 녹림(綠林)의 총표파두(總瓢把頭) 복거가 바로 그중 한 사람이오.
0142 하지만 지금 내가 자네에게 한 가지만 약속한다면, 이 가치를 헤아릴 수 없는 옥벽(玉璧)은 자네 거요!
0143 무슨 일인데요?
0144 산에서 내려가시오.
0145 ......
0146 내가 응하지.
0147 응하지 않겠소.
0148 내가 응하지.
0149 당신도 산에서 내려가야 해.
0150 응하지 않겠소.
0151 농담하시는 거요?
0152 당신은 회안봉(回雁峰) 전투를 겪어보셨소?
0153 쯧! 내 무기가 바로 그때 누군가에게 도둑맞아서, 산에 오르지 못했지.
0154 바로 그 일 때문에, 난 그 뒤로 권법과 장법을 연마했어. 이제 누가 감히 내 한 쌍의 개천장(開天掌)을 훔쳐갈 수 있겠나!
0155 당신은 그때 산에 올랐던 사람들의 최후가 어떠했는지 기억하시오?
0156 ...이런, 누군가 날 속여 산에 오르게 하려 하는구만!
0157 내가 깨달았어. 오늘 이런 혼탁한 물에, 우리 천상 36방은 발을 담그지 않겠다!
0158 너 이 꼬마 재미있는데? 언젠가 강호에서 다시 만나면, 내가 한잔 살게!
0159 꼬끼오!
0160 (커다란 수탉이...어디선가 본 적이 있는 것 같다.)
0161 꼬끼오! 꼬끼오!
0162 (분노에 찬 수탉이다. 악인곡에서 잘못 맞은 그 녀석이다.)
0163 하하! 그때 네가 불쌍한 닭 한 마리를 임랑동자(琳瑯童子)로 착각해서, 배꼽이 빠질 뻔했다더라.
0164 꼬끼오.
0165 (수탉의 울음소리가 경멸 섞인 듯하다. 악인곡에서 본 그 녀석이다.)
0166 하하! 네가 닭한테 진 게 그저 소문인 줄 알았는데, 설마 진짜일 줄이야.
0167 꼬끼오! 꼬끼오!
0168 (타향에서 옛 닭을 만나다니. 악인곡에서 본 그 녀석이다.)
0169 형제들! 잘됐군. 결국...자네들이 왔구려.
0170 자네들이 내가 전에 남의 말을 잘못 믿어, 자네들이 색사(色使)라고 의심한 일 때문에...어쩌면 다시는 날 돕지 않으려 할까 봐 정말 걱정됐네.
0171 이 순간 자네들을 보니...소운(嘯雲)은 마음이 죄스럽기 그지없군.
0172 부디 나도 그 오해에 대해 몹시 뉘우치고 있다는 걸 믿어주게. 바로 그 때문에 나는 흥운장(興雲莊)을 홀로 떠나, 오로지 내 힘으로 진상을 밝혀, 제군의 결백을 되찾아주려 했던 거야.
0173 그리고 나는...마침내 쾌활왕(快活王)에 대해 알아냈고, 아미산 금지지역의 보물이 쾌활왕이 설치한 함정이라는 사실도 발견했네!
0174 하지만 여러분도 보셨듯이, 강호는 이미 재물에 눈이 멀어, 무공이 약한 자들은 산기슭에서 서로를 해치려 기회를 엿보고, 무공이 강한 자들은 벌써 칼로 길을 열며 산 정상을 공격하고 있어, 사상자는 더욱 늘어날 뿐일 걸세...
0175 이건 분명히 아미파(峨嵋派)가 금역을 열고, 강호에 진상을 밝히기만 하면 될 일인데, 쾌활왕은 틀림없이 아미파가 금역을 외인에게 보여줄 수 없다는 낡은 규율 때문에, 차라리 강호의 수많은 사람들의 목숨을 희생시키는 걸 택할 거라고 타산했겠지.
0176 ...더 말할 필요 없네. 사람 목숨을 구하는 건 하루가 급하니까! 부디 여러분이 나와 함께 산에 올라, 하루빨리 아미산 금역에 들어가, 사기극의 실체를 밝혀, 대중이 정신 차리게 해주기를!
0177 어이? 당신들도 보물을 찾으러 산에 오르는 건가?
0178 흥, 가지 않는다면 어쩔 텐가? 꼬마가 덤비려고?
0179 잠깐만요! 여러분 싸우지 마시오. 화기를 해치니까요! 이 산의 보물은 사기예요!
0180 우리 아버지의 금사표국(金獅鏢局)을 위해서라도...저는...반드시 여러분을 물리쳐야 합니다!
0181 공동파(崆峒派)가 이 전투에서 승리하리라!
0182 날 얕보는 자들을 모두 내게 미치게 만들 거야!
0183 보물은 내 거야. 내 실력을 똑똑히 보라고!
0184 내가 보물을 손에 넣어서, 화가(花家)의 후계자로서 자격이 있다는 걸 증명하겠어!
0185 어쩔 수 없군...무력으로 설득할 수밖에. 여러 현제(賢弟), 자네들에게 달렸네.
0186 자네들이 졌으니, 산에서 내려가게.
0187 으윽...실력이 모자란 건 어쩔 수 없는 일이지...
0188 산 위로 갈수록, 더욱 위험해질 뿐이야. 문파를 재건할 마음이 있다면, 적어도 목숨부터 부지해야 해...우리 가자.
0189 아이고, 언젠가는 그들도 우리의 고심을 이해해주기를 바랄 뿐이네.
0190 ...대협, 소운(小雲)이는 아직 괜찮은가? 시음(詩音)도...별일 없는가?
0191 ...현제는 걱정 마시게. 소운이는...무공을 잃었지만, 잘못을 깨달았으니 아미산의 혼탁한 물에 발을 담그진 않을 걸세.
0192 시음은 더더욱 강호의 일에는 관여하지 않으니, 소운이가 곁에 있어주면...그걸로 족하지.
0193 아이고, 그들은 아마 마음속에 원한이 있겠지만, 대협께서 이번 일을 계기로, 그들도 대협의 고심을 이해해주기를 바랄 뿐이에요.
0194 고심을 이해하든 말든, 결과와는 상관없어. 그들의 목숨을 지키려면, 무력을 쓰지 못하게 만드는 것뿐이야.
0195 ...아이고, 그건 그렇지. 시간이 없으니, 일단 산으로 가보세.
0196 가증스럽군...두고 보자고!
0197 위로 가면 위험천만할 텐데, 여러 선배님들은 그냥 산에 오르지 마시는 게 어떨까요? 조심하세요. 헤헤, 목숨을 잃을지도 모르니까요.
0198 허허, 몇 분 현질만 그러시지요. 이런 단련은 늙은이가 여러분을 대신해 감당하겠소이다.
0199 쓸데없는 소리 마. 너희 내려갈 거야, 말 거야?
0200 ...사기라고? 그럼 너희는 왜 산에 오르려는 거지?
0201 내 보기엔 사기는 거짓말이고, 혼자 차지하려는 게 진실인 것 같은데?
0202 그렇다면 어쩔 건데?
0203 설명할 시간이 없네. 어서 그들을 물리치세.
0204 딱 내 맘에 드는군! 
0205 가증스럽군...두고 보자고!
0206 아이고...이번에 특별히 인의장의 여러 현제를 불러 도움을 청한 것도, 강호의 그릇된 소문을 씻어내고 싶어서였네.
0207 진실이 밝혀지면, 그들도 과거의 앙금을 내려놓길 바랄 뿐이야.
0208 그들이 원하는 건 보물이야. 진실을 알게 된다고 해서 앙금을 내려놓진 않을 거야.
0209 하지만 인의장도 그들의 심정을 처리할 필요는 없어.
0210 그렇군. 강호에 앙금 없는 곳이 어디 있겠나. 다른 사람 마음은 누구의 책임도 아니지...가세, 산으로.
0211 오랜만입니다. 이분이 흥운장(興雲莊) 용대협(龍大俠) 아닙니까? 옆에 계신 분은...인의장의 장객이신가요?
0212 "시인여계(視人如雞)" 왕일조라 소문난 응조문(鷹爪門) 일인자로군요. 각하의 위망이라면 진실을 밝혀내시리라 믿습니다. 아미산의 보물에 속지 마시고, 몇 분 명문거족께서는 일찍 산에서 내려가 어리석은 젊은이들과 다투지 않기를 바랍니다.
0213 ...지금 저를 조롱하시는 겁니까?
0214 내 명호를 부를 때, 당신은 분명 속으로 비웃고 있었겠지. 내가 산에 올라 보물을 찾기엔 자격이 안 된다며, 차라리 말로 떠밀어 내려가라고 할 거라고 말이오.
0215 강호의 명문가들이 오래전부터 기운을 못 차리고 있긴 하지만, 남의 둥지에 붙어사는 한 장주(莊主) 따위한테 농락당할 정도는 아니오.
0216 ...흥, 남들을 모두 새나 짐승 취급하니, 자넨 그저 계왕(雞王)의 격에 불과하구려. 얼른 내려가시오!
0217 그럼 우리 응조문의 명성을 걸고 붙어보자고.
0218 장락산장(長樂山莊)이 원하는 것은 아무도 막을 수 없소!
0219 우리 천남검파(天南劍派)는 반드시 연남천(燕南天)의 검보(劍譜)를 봐야겠소. 실례했소.
0220 당신 이름은 나와 같은데, 행동거지는 비루하군. 보물을 당신 손에 넘길 순 없소!
0221 아이고, 붙어보시게.
0222 ...흥, 청산은 변치 않고, 녹수는 길이 흐르는 법. 용소운(龍嘯雲), 자네가 제대로 후원자를 찾았구려. 우리는...다시는 만나지 않기를 바라네.
0223 하하하하, 말해보니 이 몇 사람은 평범한 인물들은 아니지만, 사실 강호의 악당들과 별반 다를 게 없어. 모두 배알이 더러운 심보를 갖고 있지.
0224 ...평범하지 않은 인물이라...그렇지 않소?
0225 콜록...대협께서 결국 제 목숨을 구해주셨는데, 한 개 장원(莊院)으로 보답한 건 대협의 은혜에 비할 바가 못 됩니다. 부디...조금 전에 들은 그 구점작소(鳩佔鵲巢)라는 말에...개의치 마시기를.
0226 ...아이고, 그저 명문가의 가주와 대파의 장문인마저 유혹에 굴복하는 것을 개탄했을 뿐이오. 앞으로는 더 큰 위험이 닥칠 것 같구려.
0227 경계를 늦추지 말고, 산을 계속 오르세.
0228 형제들아, 우린 용자다! 용자는 한데 뭉쳐 달려드는 거야!
0229 병기보(兵器譜) 499위, 임랑동자가 오늘 너희를 혼쭐내주겠다!
0230 내 얼굴은 포기할 수 있어도, 보물은 꼭 가져야 해!
0231 내가 좋은 사람이 아니어도 좋아. 하지만 보물은 포기 못 해!
0232 내가 도의를 저버릴 수는 있어도, 보물은 꼭 손에 넣어야 해!
0233 네 몸에 구멍이 하나 더 생기면, 내 몸엔 보물이 하나 더 생기는 거야! 
0234 좋은 물건이라면 호협(豪俠) 복거가 모조리 손에 넣어야지. 나랑 다투지 마!
0235 흥, 보물의 소문이 역시 강호의 쓰레기들도 불러 모았군. 저들을 쳐부수고, 뒷탈을 막아야겠네!
0236 으윽...내 순위...으윽...내 보물은...어쩌다가 또...
0237 신경 쓰지 마. 계속 산으로 가자.
0238 아미산 금지구역이 바로 앞이네!
0239 ...땅에는 시신들이 널렸지만, 석문(石門)은 꿈쩍도 않는군.
0240 제가 겪은 무수한 위험천만한 일 중, 가장 험난했던 건...회안봉(回雁峰) 전투였습니다.
0241 하지만 이런 광경을 아무리 많이 봤어도, 여전히 소름이 끼치는군요.  
0242 아이고...무서운 건 어쩌면 소문이 아니라, 무지일지도 모릅니다.
0243 이 재앙이 무지에서 비롯되었다고 할 수 있을까? 하지만 진실을 눈앞에 두고도, 기꺼이 귀 기울이는 사람은 없겠지.
0244 아이고! 골치 아파! 엄청 골치 아파! 진실을 찾는 건 어렵지 않아. 어려운 건 사람이지. 예전에도 그랬고, 지금도 그래!
0245 어쩔 수 없지. 보물의 유혹이 모든 이성을 이기는 건 분명해.
0246 ...이번엔, 우리가 강호인들을 무사히 하산시켜야 해.
0247 ...한 사람이라도 구하는 게 중요해. 그리고 하루빨리 아미파(峨嵋派) 금지구역을 닫은 이 석문(石門)을 열어야 해.
0248 형제들에게 숨길 건 없네. 소운(嘯雲)이 조금 전 산을 누비며, 비록 군웅들의 다툼을 막진 못했지만, 몇 가지 단서를 발견했네.
0249 이 석문 밖에 네 개의 석판(石板)이 흩어져 있는데, 아마도 문을 여는 열쇠일 걸세.
0250 하지만 그것들은 제각기 제자리에 있고, 아마 제각기 쓰임이 있을 테니, 석판을 함부로 건드렸다간 일을 그르칠까 걱정되어 감히 마음대로 가져오지 못했네.
0251 여러 현제께서는 먼저 <color=#FF0000>석문을 관찰</color>하여 그 비밀을 알아내고, 다음으로 이 <color=#FF0000>네 개의 석판</color>을 찾아, 석문을 여는 방법을 조사해 보는 게 어떻겠나.
0252 산벽에서 매달린 무수한 덩굴. 덩굴 뒤로 석문이 있고, 문에는 글자가 새겨져 있다.
0253 "다섯 봉우리보다 높고, 구주에서 으뜸가는 땅, 다섯 발로 우뚝 서서, 아홉 번 강산을 굽이친다."
0254 ...<color=#FF0000>다섯 발로 우뚝 선</color> 물건으로 문을 열어야 할 것 같다.
0255 금지구역 석문에 새겨진 글귀다. "다섯 봉우리보다 높고, 구주에서 으뜸가는 땅, 다섯 발로 우뚝 서서, 아홉 번 강산을 굽이친다." 
0256 ...<color=#FF0000>다섯 발로 우뚝 선</color> 물건으로 문을 열어야 할 것 같다.
0257 문을 열 수 없다. <color=#FF0000>다섯 발로 우뚝 선</color> 물건으로 문을 열어야 한다.
0258 다섯 발이 있다면, 다섯 모서리와 다섯 꼭짓점이 있을 것이다.
0259 육각형 "도(道)" 석판과 삼각형 "통(統)" 석판을 합치면, 한 변의 길이가 다른 오각형이 되고, 그 위에 "도통(道統)"이라는 두 글자가 맞붙는다.
0260 ...이것이 문을 여는 방법이다.
0261 육각형 석판 하나. 위에 "도(道)"라는 글자가 새겨져 있다.
0262 석판은 아마도 제각기 제자리에 있고, 제각기 쓰임이 있을 테니, 석문을 먼저 조사한 뒤 움직이는 게 적절할 것 같다.
0263 석판이 꽤 단단한데, 딱딱한 "도(道)" 자까지 새겨져 있으니, 내가 아미파 제자라면 그냥 봐도 머리가 아플 거야! 
0264 단서에 나온 모양 외에도, 그 위에 새겨진 글자에 어떤 뜻이 담겨 있을지도 모른다. 
0265 ...육각형 "도(道)" 석판과 삼각형 "통(統)" 석판을...합치면 꽤 의미심장할 것 같은데.
0266 이런 형태와 뜻을 종합한 수수께끼는 강호에서 종종 볼 수 있지.
0267 그 모양도 풀고, 글자의 뜻도 푸는 거군...진우 형제라면 분명 문제없이 해낼 수 있을 거야.
0268 (석판은 제각기 제자리에 있고, 제각기 쓰임이 있을 테니, 이 육각형 "도(道)" 자 석판을 가져갈까?)
0269 석판을 가져간다.
0270 도로 놓는다.
0271 자리를 뜬다.
0272 (석판은 제각기 제자리에 있고, 제각기 쓰임이 있을 테니, 이 육각형 "도(道)" 자 석판을 가져갈까?)
0273 석판을 가져간다.
0274 도로 놓는다. 
0275 자리를 뜬다.
0276 삼각형 석판 하나. 위에 "통(統)"이라는 글자가 새겨져 있다.
0277 석판은 아마도 제각기 제자리에 있고, 제각기 쓰임이 있을 테니, 석문을 먼저 조사한 뒤 움직이는 게 적절할 것 같다.
0278 단서에 나온 모양 외에도, 그 위에 새겨진 글자에 어떤 뜻이 담겨 있을지도 모른다.
0279 ...삼각형 "통(統)" 석판과 육각형 "도(道)" 석판을...합치면 꽤 의미심장할 것 같은데. 
0280 이런 형태와 뜻을 종합한 수수께끼는 강호에서 가끔 들을 수 있어.
0281 그 모양도 풀고, 글자의 뜻도 푸는 거군...진우 형제라면 분명 문제없이 해낼 수 있을 거야.
0282 (석판은 제각기 제자리에 있고, 제각기 쓰임이 있을 테니, 이 삼각형 "통(統)" 자 석판을 가져갈까?)
0283 석판을 가져간다.
0284 도로 놓는다. 
0285 자리를 뜬다.
0286 (석판은 제각기 제자리에 있고, 제각기 쓰임이 있을 테니, 이 삼각형 "통(統)" 자 석판을 가져갈까?)
0287 석판을 가져간다.
0288 도로 놓는다.
0289 자리를 뜬다.
0290 칠각형 석판 하나. 위에 "연(沿)"이라는 글자가 새겨져 있다.
0291 석판은 아마도 제각기 제자리에 있고, 제각기 쓰임이 있을 테니, 석문을 먼저 조사한 뒤 움직이는 게 적절할 것 같다.
0292 이 석판은 일곱 모서리가 있는데, 석문에 새겨진 글귀에 필요한 건 다섯 발이다.  
0293 강소어(江小魚): 그게 무슨 상관이야? 이 강호에는 검은 걸 하얗다고 둘러대는 게 널렸는걸. 다섯 발을 달라 해도 일곱 모서리를 줘버리는 게 흔하잖아.
0294 육소봉(陸小鳳): 모양 말고도, 위에 어떤 글자가 쓰여 있나 살펴보는 것도 좋겠어.
0295 (석판은 제각기 제자리에 있고, 제각기 쓰임이 있을 테니, 이 칠각형 "연(沿)" 자 석판을 가져갈까?)
0296 석판을 가져간다.
0297 도로 놓는다.
0298 자리를 뜬다.
0299 (석판은 제각기 제자리에 있고, 제각기 쓰임이 있을 테니, 이 칠각형 "연(沿)" 자 석판을 가져갈까?)
0300 석판을 가져간다. 
0301 도로 놓는다.
0302 자리를 뜬다.
0303 사각형 석판 하나. 위에 "습(襲)"이라는 글자가 새겨져 있다.
0304 석판은 아마도 제각기 제자리에 있고, 제각기 쓰임이 있을 테니, 석문을 먼저 조사한 뒤 움직이는 게 적절할 것 같다.
0305 이 석판은 네 모서리가 있는데, 석문에 새겨진 글귀에 필요한 건 다섯 발이다.
0306 육소봉(陸小鳳): 모양 말고도, 위에 어떤 글자가 쓰여 있나 살펴보는 것도 좋겠어.
0307 (석판은 제각기 제자리에 있고, 제각기 쓰임이 있을 테니, 이 사각형 "습(襲)" 자 석판을 가져갈까?)
0308 석판을 가져간다.
0309 도로 놓는다.
0310 자리를 뜬다.
0311 (석판은 제각기 제자리에 있고, 제각기 쓰임이 있을 테니, 이 사각형 "습(襲)" 자 석판을 가져갈까?)
0312 석판을 가져간다.
0313 도로 놓는다.
0314 자리를 뜬다.
0315 아미산의 산세가 험준하여, 뒷산의 만장 벼랑이 바로 앞에 우뚝 서서 내리누르는 듯하다.
0316 "다섯 봉우리보다 높고, 구주에서 으뜸가는 땅". 그 이름에 걸맞게, 사람의 혼백마저 날아오를 듯 장엄한데, 이런 흉험함이 숨어 있을 줄은 몰랐소.
0317 회안봉에 비하면, 이건 진정한 고산대악(高山大嶽)이오...이 국면이 형성되면, 그 흉험함은 십 년 전보다 더할 거요.
0318 떨어지지만 않았으면 좋겠어.
0319 아미산과 나에겐 적잖은 인연이 있었지. 하지만 독고일학(獨孤一鶴)이 장문의 자리를 이은 뒤로, 문규가 더욱 폐쇄적이고 고루해져서, 나도 연락을 끊고 말았지.
0320 아이고, 아미파의 처자들이 그들 장문처럼 고지식하지 않기를 바랄 뿐이오. 소인은 정녕 여인들과 싸우고 싶지 않소.
0321 석문이...열렸소!
0322 흥! 이곳은 우리 문파 역대 선사(先師)의 영묘(靈廟)라, 천하의 그 누구도 열 수 없다.
0323 내가 열었소.
0324 ...그렇다면, 성지를 함부로 침범한 죄는 반드시 처단해야 할 것이니, 너희는 곧 아무도 아닌 존재가 될 것이다.
0325 잠깐만요. 우리가 억지로 산문을 연 건 어쩔 수 없는 일이오. 다만 귀 문파의 결백을 강호 군협의 눈앞에 증명하기 위함일 뿐이오! 우리는 이미 아미파가 연남천의 보물을 갖고 있지 않다는 걸 알고 있소!
0326 우리 문파의 산문을 남이 말로 열 수 있고, 결백을 남이 말로 증명할 수 있다면...아미파는 차라리 이곳에 몸을 묻겠소! 
0327 아미파 제자들은 명을 듣고, 진을 펼쳐라!
0328 현제들이여, 이 <color=#FF0000>네 개의 석판</color>은 각기 쓰임이 있네. 어쩌면 몇몇 석판은 원래 자리에 두어야만 효과가 있을지도 모르겠군.
0329 문밖에서 사람들의 함성과 칼부림 소리가 요란하다. 
0330 ...최대한 빨리 조사하고, 최대한 빨리 문을 열어야 한다.
0331 형제여, 우리는 마땅히...
0332 이 관 속에는 아무것도 없다.
0333 이 관 속에서 약간 불쾌한 냄새가 난다.
0334 진우야, 준비 좀 해라. 조금 있다 내가 네게 농담 열 개를 들려줄 테니까.
0335 강별학(江別鶴)이 설서인이 되지 않은 건 정말 아쉬워. 직업을 바꾼다면, 내가 반드시 후원할 거야.
0336 소형제, 내가 너를 믿듯이 대협도 믿고 있네.
0337 상상도 못 했어. 독고일학 그 늙은이가 목이 잘리고 두 눈을 감는 한이 있어도, 아미산문을 열려 하지 않다니 말이야.
0338 이제 아미파는 전승이 끊겼소. 이런 의기용사는 그저...대대로 면면히 이어진 정신만 애석할 뿐이오.
0339 아이고, 망할 수는 있어도 패할 순 없다, 이것이 검신(劍神)의 정신이기도 하지만 그들의 멍에이기도 하오.
0340 적이 되기보다는, 차라리 내가 독고일학과 친구가 되었더라면 좋았을 걸 그려.
0341 ...깊은 원한은 반드시 풀어야 하고, 진실은 반드시 밝혀야 해. 해야 할 일은 언제나 누군가는 해내야만 하지.
0342 목적을 이루기 위해서는 희생이 따르기 마련이다.
0343 우리는 우리의 진실을 취하고, 그들은 그들의 문규를 따르는 것, 모두 구인득인(求仁得仁)이로다.
0344 좋아, 우리 이곳을 조사하고 진상을 밝히자...
0345 이 관을 두드려보니 울림이 공허하게 들린다. 내용물은 비어있는 듯하다.
0346 이 관뚜껑은 밝고 깨끗하며, 티끌 하나 없다. 관 안에는 아무것도 없다.
0347 이 관에는 먼지가 가득하다. 아마 방금 전 싸움 때문인 듯하다.
0348 이 관에는 떼어낸 흔적이 있다.
0349 ...관 안은 비어 있다.
0350 이 관 옆구리에 손상된 흔적이 있고, 천 조각이 끼어 있다.
0351 바닥의 먼지가 밀려 있는 걸 보니, 관의 배치 각도가 약간 비뚤어진 것 같다.
0352 이 관 안에는 의관 한 벌이 있다. 옷가지는 깔끔하게 개켜져 있지만, 모자는 떨어져 있고, 그 위에 박혀 있던 보석은 사라졌다.  
0353 이 관 안에는 어지럽게 놓인 의관 한 벌이 있다.
0354 문밖에서 사람들의 함성과 칼부림 소리가 요란하다.
0355 ...최대한 빨리 조사하고, 최대한 빨리 문을 열어야 한다.
0356 아미산 금지구역은 깊은 절벽에 기대어 세워져 지키기는 쉽지만 공격하기는 어려우며, 퇴로도 전혀 없다.
0357 ...이 낭떠러지는 악인곡 밖의 산벼랑보다 훨씬 무서워 보이는걸.
0358 떨어지면 다 똑같이 산산조각 날 거야.
0359 하하! 일리 있는 말이야. 조심해. 발 헛디뎌도 내가 널 구하진 않을 테니까.
0360 정교하게 짜인 장식이 달린 비단 주머니 하나가 떨어져 있다. 주인이 누구일지 모르겠다.
0361 ...우리 말고도, 또 누군가가 있군.
0362 보아하니, 우리가 아미파와 싸우는 동안, 틈을 타고 들어온 사람이 있는 것 같군.
0363 관이 비어있지 않다면 뒤져본 흔적이 있겠지. 누군가 우리를 이용해 아미파의 주의를 돌리고, 어부지리를 챙겼나 보군!
0364 몇몇 관뚜껑은 티끌 하나 없이 깨끗한데, 싸움 중에 일어난 먼지도 닦아냈어. 내 짐작이 맞다면, 흔적을 지우려는 거겠지.
0365 이건 우리가 싸우는 동안 벌어진 일이야. 물건을 가져간 수법이 거칠긴 해도, 전혀 거리낌이 없어. 분명 계획이 있었을 거야.
0366 그자가 누구든 간에, 제법 대담하긴 하네. 우리가 혼전을 벌이는 동안, 관을 뒤져놓고도 들키지 않다니!
0367 저건...보통 보물찾이꾼이 아니야.
0368 그래...목적을 이루려면 희생이 따르는 법이지. 누군 보물을 찾으려 하고, 누군...구인득인(求仁得仁)을 위해서라지...
0369 으악-쾅!
0370 문이 닫혔다.
0371 큰일 났어, 큰일 났어. 하필 문을 닫아버리다니?
0372 사마귀 매미를 잡을 때, 뒤에선 황조가 노리고 있다네. 여러분, 뒷 수를 조심하시게.
0373 아이고, 친구는 함부로 사귀면 안 되고, 물건은 함부로 건드리면 안 된다니까. 정말 훌륭하군...
0374 ...역시 무사히 빠져나가진 못했군.
0375 ...허.
0376 하지만...너희가 무엇을 구하려 했든-하하하! 이젠 더는 해낼 수 없을 거다!
0377 왜냐하면 너희가 예전에 빚진 걸, 나 용소운(龍嘯雲)이 지금 원금에 이자까지 모조리 받아낼 테니까!
0378 그러니까 말이야, 친구 하나가 골칫거리 하나라니까. 의형제를 맺은 친구라면 엄청난 골칫거리지.
0379 자네에게 딴 생각이 있다는 건 짐작했지만, 자네가 우릴 이 관을 묻어둔 큰 동굴에 같이 가둘 줄은 몰랐네.
0380 각하께선 아셔야 할 텐데, 인의장에서 자네를 제압하려는 마음만 먹었다면, 여럿이 한 사람을 공격할 필요도 없이, 자네로선 상대가 안 될 걸세.
0381 우리가 용형과 지금까지 평온했던 건, 다만...정을 생각해서였소.
0382 ...대협, 그래도 역시...개의치 않으셨군요.
0383 ...
0384 <color=#FFCC22>그대가 쾌활왕(快活王)과 모의한 건가?</color>
0385 그건 그대와 이심환(李尋歡)의 사사로운 원한이오.
0386 그대가 쾌활왕과 모의한 건가?
0387 흥...내가 한때 실력이 사람만 못하고, 명성도 사람만 못하다는 걸 인정하며 살았지. 네놈들이 낙양에서 한바탕 소동을 벌여, 나더러 장원을 버리고 떠나라 할 때까지 말이야.
0388 그 뒤로 나는 계속 강해지는 법을 찾아 헤맸고, 마침내 전설 속의...쾌활림(快活林)을 만났지.
0389 쾌활왕(快活王)은 쾌활림을 그토록 은밀히 숨겨둔 채, 우리가 산과 계곡을 샅샅이 뒤져도 찾지 못했는데, 하필 각하께서 발견하셨군요.
0390 마치 자네가 쾌활림을 찾은 게 아니라, 쾌활림이 알아서 자네를 찾아낸 것 같아.
0391 아이고, 우린 진작에 깨달았어야 했는데. 쾌활림을 찾는 것보다, 쾌활림이 원하는 사람을 찾는 게 낫다는 걸 말이야.
0392 이것 또한 쾌활림이 스스로 문전걸식 온 셈이지.
0393 대협...쾌활림을 만나셨다니...별일 없으셨나요?
0394 ...쾌활림의 위치를 말해보시오.
0395 ...흥, 너희는 쾌활림의 위치를 알고 싶은 거냐? 하지만 너희로선 절대 쾌활림을 찾을 수 없어. 더는 찾으려 들지도 마라.
0396 왜냐하면 소문처럼 쾌활왕은 일방을 호령하니, 너희로선 그의 상대가 안 되거든.
0397 그리고 그 사람은 영웅을 알아보는 혜안이 있어. 오직 그만이...처자와 장원, 명성까지 모조리 소이탐화(小李探花)에게 빌려 쓴 나 같은 사람을 알아봐 준 거야!
0398 그리고 오직 그만이 내게 가장 중요한 진리를 알려주었지.
0399 <color=#FF0000>성왕패후(成王敗寇)면 정의는 절로 마음에 있다</color>는 걸.
0400 정말 중요한 건, 오로지 <color=#FF0000>민심</color>뿐이라는 걸.
0401 모든 건...마음에서 비롯되는 거야...내가 그와 함께 강호의 패업을 열 진정한 의형제가 되려면, 먼저 내 심마부터 없애야 해.
0402 다시 말해 너희를 없애는 거다!
0403 그건 그대와 이심환의 사사로운 원한이오.
0404 문을 열게. 그 밖의 원한은 스스로 해결하시오. 인의장은 그대에게 빚진 게 없소.
0405 ...너희를 보니...이게 바로 오늘날 강호에서 은창룡사(銀槍龍四)를 대하는 태도로구나...
0406 너희는 모두 내 강호의 의리를 농담거리로 여기면서, 내가 홀로선 이길 수도, 일을 이룰 수도 없기에 그런 거라 여기는 모양이군. 
0407 하지만 난 절대 그렇게 순진하고 우스운 인간이 아니야! 그 비도(飛刀)를 직접 목격한 뒤로, 난 일찍이 내 재주로는 못 당한다는 걸 깨달았고, 그 후론 벗을 사귀고 사람을 모았지만...그저 강호에서 발 붙일 곳을 유지하고, 내 사랑하는 이들과 여생을 보내려 했을 뿐이야.
0408 하지만 세상엔 모든 걸 가졌다가, 모든 걸 망쳐버리는 자들이 있지. 그는 살고 싶어 하지 않으면서, 다른 이들의 삶을 망가뜨리는 걸로 대신하더군!
0409 그가 떠났으면, 돌아오지 말았어야 해...그가 돌아오자마자, 내 아들은 무공을 잃었고, 아내는 멀어졌으며, 의형제는 흩어졌어. 애써 일궈낸 흥운장(興雲莊)은 겉보기엔 여전히 누군가에게 시주 받은 이원(李園)이었고, 이비도(李飛刀)의 명성에 파묻혀 날 산 채로 묻어버렸지!
0410 하지만 그가 이미 돌아왔으니...다시 떠나선 안 됐어. 어쨌거나 내가 한때 참았던 건, 지금도 여전히 다 견디고 있으니까. 비록 처자식과 떨어진 것이나 다를 바 없어도, 나는 여전히...다시 의형제의 명성을 빌려, 내 세력을 안태롭게 떨칠 수 있었을 텐데 말이야...
0411 하필 그 사람은...또 왔다 가버렸어. 차라리 인의장에 가서, 너희 그 누추한 낡은 원사를 시끌벅적하게 만들더니, 날 의형제로 여기지도 않는 의형제들과 함께, 돌아서서는 내 강호의리를 조롱하는 거야!
0412 바로 이것 하나만은...이심환...그리고 인의장...나는 더는 너희를 참을 수가 없다.
0413 그러니...나 용소운은 오늘 이 자리에서, 한 자루 은창과 한 목숨을 걸고, 반드시 없애리라. <color=#FF0000>아미의 화근</color>을!
0414 ...인(仁), 의(義), 장(莊).
0415 ...
0416 <color=#FFCC22>덤벼라.</color>
0417 <color=#FFCC22>그만둬라.</color> 
0418 덤벼라.
0419 ...그래, 때가 됐군. 우리 둘의 오해는 내가 빚은 것이나, 그로 인해 강호를 그르쳐선 안 되네.
0420 대가...가르침을 주시오.
0421 흥...조금도 기다릴 수 없었나 보군. 이 냉랭한 의형제의 정을, 마침내 똑똑히 봤다.
0422 하지만 너희가 나만 제압하면, 앞으로도 여전히 제 마음대로 할 수 있을 거라 생각한다면, 너희는 크게 잘못 짚었어.
0423 왜냐하면 내가 왔거든.
0424 나 강별학(江別鶴)은 낙양 싸움에서 인의장의 꼬리를 잡진 못했어도, 너희에 대한 추적을 결코 멈춘 적 없다.
0425 그래서 알아냈지. 장보도의 소식은 처음부터 끝까지 인의장이 홀로 꾸민 일이었다는 걸!
0426 너희는 아미산 금지구역의 보물을 위해서라면, 회안봉에 대한 강호의 옛 상처를 잔인할 정도로 찢어발기는 것도 서슴지 않으면서, 군협들과 아미파가 서로 싸우게 만들어, 어부지리를 취하려 한 거야.
0427 너희는 어쩌면 요행을 바라면서, 아미파를 멸문시키면 죄증을 없앨 수 있으리라 생각했겠지. 하지만 공도(公道)는 반드시 정의의 편에 설 거란 걸 몰랐어!
0428 대가! 당신은 진실을 아시잖습니까. 그가 하는 말은 사실이 아닙니다. 한 번 잘못된 걸 또다시 그르치진 마십시오!
0429 지금 석문을 열고, 쾌활왕의 계략을 강호에 밝히면, 아직 강호를 구할 수 있습니다...
0430 ...그리고 한 자루 은창과 한 목숨을 걸고, 우연히 만난 한 부랑자를 구하기 위해서라면 목숨도 아끼지 않는, 바로 그 대영웅이 되실 수 있습니다!
0431 ...