zh-TW,ko
ㄚ頭,아두(ㄚ頭)
看破,간파(看破)
剛劍,강검(剛劍)
江府,강부(江府)
江愁,강수(江愁)
江漢,강한(江漢)
開光,개광(開光)
丐謎,수수께기거지(丐謎)
客棧,객잔(客棧)
劫匪,강도(劫匪)
激勵,격려(激勵)
擊飛,격비(擊飛)
骷骨,고골(骷骨)
姑娘,아가씨
孤狼,고랑(孤狼)
古墓,고묘(古墓)
鼓舞,고무(鼓舞)
烤魚,고어(烤魚)
郭定,곽정(郭定)
霍害,곽해(霍害)
霍休,곽휴(霍休)
官道,관도(官道)
觀眾,관중(觀眾)
怪人,괴인(怪人)
巧計,교계(巧計)
教頭,교두(教頭)
喬五,교오(喬五)
鉤拳,구권(鉤拳)
丘獨,구독(丘獨)
龜山,귀산(龜山)
狗窩,구와(狗窩)
群眾,군중(群眾)
鬼爪,귀조(鬼爪)
擒抱,금포(擒抱)
機關,기관(機關)
機巧,기교(機巧)
騎鹿,기록(騎鹿)
騎鶴,기학(騎鶴)
金鐧,금간(金鐧)
金環,금환(金環)
女俠,여협
怒猿,노원(怒猿)
農民,농민(農民)
農婦,농부(農婦)
單弓,단궁(單弓)
踏月,답월(踏月)
踏火,답화(踏火)
唐珏,당각(唐珏)
撞擊,당격(撞擊)
唐敬,당경(唐敬)
唐獨,당독(唐獨)
唐門,당문(唐門)
唐傲,당오(唐傲)
唐玉,당옥(唐玉)
唐禕,당의(唐禕)
大智,대지
大通,대통(大通)
大黃,대황(大黃)
饕客,대식가(饕客)
挑劍,도검(挑劍)
鞀鼓,도고(鞀鼓)
挑眉,도미(挑眉)
盜匪,도적(盜匪)
盜帥,도수(盜帥)
毒瘴,독장(毒瘴)
毒體,독체(毒體)
突刺,돌자(突刺)
冬櫻,동앵(冬櫻)
杜白,두백(杜白)
杜殺,두살(杜殺)
杜七,두칠(杜七)
頭槌,두퇴(頭槌)
羅九,나구(羅九)
羅三,나삼(羅三)
羅嘯,나소(羅嘯)
羅嬸,나심(羅嬸)
洛陽,낙양(洛陽)
亂斧,난부(亂斧)
亂打,난타(亂打)
亂揮,난휘(亂揮)
蠟梅,납매(蠟梅)
冷大,냉대(冷大)
冷二,냉이(冷二)
伶人,영인(伶人)
盧九,노구(盧九)
老饕,노도(老饕)
老闆,노반(老闆)
老僕,노복(老僕)
老四,노사(老四)
老西,노서(老西)
盧勇,노용(盧勇)
老牛,노우(老牛)
老趙,노조(老趙)
老七,노칠(老七)
老炮,노포(老炮)
老許,노허(老許)
療癒,요유(療癒)
龍膽,용담
流民,유랑인
菱兒,능아(菱兒)
李挺,이정(李挺)
林道,숲길(林道)
磨甲,마갑(磨甲)
魔童,마동(魔童)
麻鋒,마봉(麻鋒)
魔星,마성(魔星)
萬通,만통(萬通)
玫瑰,매괴(玫瑰)
梅大,매대(梅大)
梅二,매이(梅二)
買醉,매취(買醉)
猛攻,맹공(猛攻)
面首,노리개남자(面首)
牡丹,모단(牡丹)
毛刺,모자(毛刺)
木駒,목구(木駒)
木獸,목수(木獸)
木鳶,목연(木鳶)
木屋,목옥(木屋)
牧芸,목운(牧芸)
舞步,무보(舞步)
無仙,무선(無仙)
無影,무영(無影)
無蹤,무종(無蹤)
武癡,무치(武癡)
密林,밀림(密林)
潑泥,발니(潑泥)
潑油,발유(潑油)
白馬,백마(白馬)
白蛇,백사(白蛇)
百姓,백성(百姓)
白羊,백양(白羊)
帛畫,백화(帛畫)
劈砍,벽감(劈砍)
霹靂,벽력(霹靂)
邊浩,변호(邊浩)
病婦,병든여인(病婦)
病人,병자(病人)
報復,보복(報復)
補快,포쾌(補快)
保鑣,보표(保鑣)
卜巨,복거(卜巨)
封喉,봉후(封喉)
富商,부상(富商)
奔擊,분격(奔擊)
飛霜,비상(飛霜)
飛銀,비은(飛銀)
飛鷹,비응(飛鷹)
飛刃,비인(飛刃)
肥豬,비저(肥豬)
飛爪,비조(飛爪)
飛針,비침(飛針)
飛啄,비탁(飛啄)
蘋蘋,빈빈(蘋蘋)
仕女,사여(仕女)
師妹,사매(師妹)
蛇吻,사문(蛇吻)
蛇相,사상(蛇相)
仕紳,사신(仕紳)
蛇人,사인(蛇人)
蛇刺,사자(蛇刺)
師姐,사저(師姐)
蛇鞭,사편(蛇鞭)
師兄,사형(師兄)
山谷,산곡(山谷)
山寨,산채
三娘,삼낭(三娘)
森林,삼림(森林)
商道,상도(商道)
傷殘,상잔(傷殘)
傷患,환자(傷患)
書生,서생
石竹,석죽(石竹)
薛冰,설빙(薛冰)
雪地,설지(雪地)
猩落,성락(猩落)
少林,소림(少林)
小馬,소마(小馬)
小武,소무(小武)
小方,소방(小方)
小白,소백(小白)
少婦,소부(少婦)
蕭疏,소소(蕭疏)
蘇櫻,소앵(蘇櫻)
蕭閻,소염(蕭閻)
小溫,소온(小溫)
小雨,소우(小雨)
小柔,소유(小柔)
小二,소이(小二)
小店,소점(小店)
蕭震,소진(蕭震)
小村,소촌(小村)
小翠,소취(小翠)
沼澤,소택(沼澤)
小孩,어린아이(小孩)
蕭魂,소혼(蕭魂)
小紅,소홍(小紅)
小花,소화(小花)
小黑,소흑(小黑)
孫蛟,손교(孫蛟)
孫緋,손비(孫緋)
孫紫,손자(孫紫)
孫青,손청(孫青)
宋三,송삼(宋三)
碎石,쇄석(碎石)
水仙,수선(水仙)
袖箭,수전(袖箭)
袖炮,수포(袖炮)
守護,수호(守護)
順風,순풍(順風)
侍從,시종(侍從)
食客,식객(食客)
燼劍,신검(燼劍)
神劍,신검(神劍)
神目,신목(神目)
神鞭,신편(神鞭)
心鑑,심감(心鑑)
心計,심계(心計)
心燈,심등(心燈)
心眉,심미(心眉)
深山,심산(深山)
心樹,심수(心樹)
心燭,심촉(心燭)
心湖,심호(心湖)
雙擊,쌍격(雙擊)
雙雙,쌍쌍(雙雙)
雙斬,쌍참(雙斬)
阿吉,아길(阿吉)
餓狼,아랑(餓狼)
阿飛,아비(阿飛)
岳麟,악인(岳麟)
暗谷,암곡(暗谷)
暗算,암산(暗算)
暗殺,암살(暗殺)
暗針,암침(暗針)
壓境,압경(壓境)
野外,야외(野外)
野店,야점(野店)
野地,들판(野地)
藥童,약동(藥童)
陽魄,양백(陽魄)
燃劍,연검(燃劍)
燕四,연사(燕四)
煙消,연소(煙消)
燕七,연칠(燕七)
吳濤,오도(吳濤)
五妹,오매(五妹)
玉郎,옥낭(玉郎)
玉珮,옥패(玉珮)
王動,왕동(王動)
王虎,왕호(王虎)
邀月,요월(邀月)
虞二,우이(虞二)
雲散,운산(雲散)
員外,원외(員外)
遊商,유상(遊商)
柔軟,유연(柔軟)
有影,유영(有影)
遺址,유지(遺址)
遺體,유체(遺體)
幽魂,유혼(幽魂)
遊魂,유혼(遊魂)
飲客,음객(飲客)
飲命,음명(飲命)
陰魂,음혼(陰魂)
醫誠,의성(醫誠)
醫治,의치(醫治)
伊哭,이곡(伊哭)
二孃,이양(二孃)
一明,일명(一明)
一茵,일인(一茵)
一塵,일진(一塵)
一清,일청(一清)
刺擊,자격(刺擊)
刺傷,자상(刺傷)
自癒,자유(自癒)
刺槍,자창(刺槍)
自爆,자폭(自爆)
芍藥,작약(芍藥)
殘心,잔심(殘心)
掌櫃,장궤(掌櫃)
丈夫,장부(丈夫)
張三,장삼(張三)
張五,장오(張五)
壯漢,장한(壯漢)
財使,재사(財使)
赤髮,적발(赤髮)
纏鬥,전투(纏鬥)
痊癒,전유(痊癒)
前刺,전자(前刺)
錢風,전풍(錢風)
戰吼,전후(戰吼)
點穴,점혈(點穴)
點火,점화(點火)
丁幹,정간(丁幹)
正擊,정격(正擊)
靜待,정대(靜待)
偵查,정사(偵查)
丁楓,정풍(丁楓)
定海,정해(定海)
丁喜,정희(丁喜)
趙剛,조강(趙剛)
爪擊,조격(爪擊)
爪功,조공(爪功)
調息,조식(調息)
抓取,조취(抓取)
調治,조치(調治)
嘲諷,조풍(嘲諷)
朱菲,주비(朱菲)
酒商,주상(酒商)
朱停,주정(朱停)
朱七,주칠(朱七)
朱八,주팔(朱八)
準確,준확(準確)
重擊,중격(重擊)
重製,중제(重製)
指擊,지격(指擊)
指法,지법(指法)
紙鳶,지연(紙鳶)
真悟,진오(真悟)
辰雨,진우(辰雨)
珍珠,진주(珍珠)
陳准,진준(陳准)
秦重,진중(秦重)
捉影,착영(捉影)
斬斷,참단(斬斷)
妻子,처자(妻子)
天賜,천사(天賜)
喘息,천식(喘息)
倩影,천영(倩影)
鐵膽,철담(鐵膽)
鐵碎,철쇄(鐵碎)
鐵五,철오(鐵五)
聽令,청령(聽令)
青魔,청마(青魔)
草莽,민초(草莽)
樵夫,초부(樵夫)
村莊,촌장(村莊)
村長,촌장(村長)
寵幸,총행(寵幸)
催勁,최경(催勁)
秋菊,추국(秋菊)
秋玥,추모(秋玥)
鄒炎,추염(鄒炎)
推掌,추장(推掌)
春桃,춘도(春桃)
衝撞,충당(衝撞)
沈浪,심랑(沈浪)
沈澐,심운(沈澐)
快劍,쾌검(快劍)
快攻,쾌공(快攻)
快網,쾌망(快網)
打氣,타기(打氣)
陀螺,타라(陀螺)
打手,타수(打手)
破廟,파묘(破廟)
巴英,파영(巴英)
破屋,파옥(破屋)
八妹,팔매(八妹)
敗者,패자(敗者)
平江,평강(平江)
平民,평민(平民)
跑堂,포당(跑堂)
捕快,포쾌(捕快)
表哥,표가(表哥)
鏢師,표사(鏢師)
風車,풍차(風車)
瘋凰,풍황(瘋凰)
夏荷,하하(夏荷)
寒刺,한자(寒刺)
杭州,항주(杭州)
解藥,해약(解藥)
向松,향송(向松)
香芊,향천(香芊)
血劍,혈검(血劍)
俠客,협객(俠客)
虎六,호육(虎六)
號召,호소(號召)
胡辛,호신(胡辛)
洪濤,홍도(洪濤)
花魁,화괴(花魁)
花娘,화낭(花娘)
化凡,화범(化凡)
花蜂,화봉(花蜂)
和尚,화상(和尚)
幻境,환경(幻境)
患者,환자(患者)
黃牛,황우(黃牛)
橫掃,횡소(橫掃)
揮劍,휘검(揮劍)
揮擊,휘격(揮擊)
揮拳,휘권(揮拳)
揮刀,휘도(揮刀)
兇雞,흉계(兇雞)
黑蛇,흑사(黑蛇)
黑手,흑수(黑手)
犧牲,희생(犧牲)
戲子,희극인(戲子)
？？？,???
賈剝皮,가박피(賈剝皮)
看熱鬧,간열뇨(看熱鬧)
簡傳學,간전학(簡傳學)
砍山刀,감산도(砍山刀)
江大傑,강대걸(江大傑)
江別鶴,강별학(江別鶴)
江四傑,강사걸(江四傑)
江三傑,강삼걸(江三傑)
江小魚,강소어(江小魚)
江玉郎,강옥랑(江玉郎)
江二傑,강이걸(江二傑)
江湖通,강호통(江湖通)
開天掌,개천장(開天掌)
劍舞踏,검무답(劍舞踏)
牽機藥,견기약(牽機藥)
硬氣功,경기공(硬氣功)
高立居,고립거(高立居)
古先生,고선생(古先生)
高小蟲,고소충(高小蟲)
高亞男,고아남(高亞男)
苦孩兒,고해아(苦孩兒)
高行空,고행공(高行空)
公孫蘭,공손란(公孫蘭)
公孫雨,공손우(公孫雨)
孔雀翎,공작령(孔雀翎)
郭大路,곽대로(郭大路)
郭嵩陽,곽숭양(郭嵩陽)
管家婆,집사할머니(管家婆)
廣陵散,광릉산(廣陵散)
怪郎中,괴의원(怪郎中)
交換所,교환소(交換所)
邱娘子,구낭자(邱娘子)
九連環,구련환(九連環)
歐陽金,구양금(歐陽金)
歐陽當,구양당(歐陽當)
歐陽輪,구양윤(歐陽輪)
歐陽丁,구양정(歐陽丁)
歐陽情,구양정(歐陽情)
歐陽喜,구양희(歐陽喜)
丘一峰,구일봉(丘一峰)
九州王,구주왕(九州王)
九泉弓,구천궁(九泉弓)
邱婆婆,구파파(邱婆婆)
勾魂手,구혼수(勾魂手)
君子香,군자향(君子香)
窮秀才,궁수재(窮秀才)
歸東景,귀동경(歸東景)
鬼童子,귀동자(鬼童子)
鬼頭刀,귀두도(鬼頭刀)
極樂峒,극락동(極樂峒)
極樂蟲,극악충(極樂蟲)
擒龍索,금룡삭(擒龍索)
急風劍,급풍검(急風劍)
機關物,기관물(機關物)
機關獸,기관수(機關獸)
機關人,기관인(機關人)
企劃用,기획용(企劃用)
金開甲,금개갑(金開甲)
金靈芝,금영지(金靈芝)
金螞蟻,금마의(金螞蟻)
金無望,금무망(金無望)
金不換,금불환(金不換)
金絲甲,금사갑(金絲甲)
金蛇槍,금사창(金蛇槍)
金猿星,금원성(金猿星)
金蠶繭,금잠견(金蠶繭)
金蠶遁,금잠둔(金蠶遁)
金錢幫,금전방(金錢幫)
金錢鏢,금전표(金錢鏢)
金創藥,금창약(金創藥)
金風白,금풍백(金風白)
南宮柳,남궁유(南宮柳)
女屠戶,여도호(女屠戶)
女路人,여행인(女路人)
女流民,여유민(女流民)
女插手,여삽수(女插手)
女兒紅,여아홍(女兒紅)
女掌櫃,여장궤(女掌櫃)
寧神藥,영신약(寧神藥)
怒雞爪,노계조(怒雞爪)
多情劍,다정검(多情劍)
斷骨刀,단골도(斷骨刀)
斷臂人,단비인(斷臂人)
斷腿人,단퇴인(斷腿人)
斷魂草,단혼초(斷魂草)
斷虹子,단홍자(斷虹子)
談笑聲,담소성(談笑聲)
唐糖糖,당탕탕(唐糖糖)
唐紫檀,당자단(唐紫檀)
堂前燕,당전연(堂前燕)
大豆子,대두자(大豆子)
大手印,대수인(大手印)
大食客,대식객(大食客)
大地圖,대지도(大地圖)
大鞭腿,대편퇴(大鞭腿)
大風堂,대풍당(大風堂)
大風刀,대풍도(大風刀)
大割斷,대할단(大割斷)
大洪拳,대홍권(大洪拳)
大紅花,대홍화(大紅花)
大黃狗,대황구(大黃狗)
跳關者,관문을넘는자(跳關者)
屠嬌嬌,도교교(屠嬌嬌)
掏心刺,도심자(掏心刺)
陶響球,도향구(陶響球)
毒包子,독포자(毒包子)
突火槍,돌화창(突火槍)
東山虎,동산호(東山虎)
銅先生,동선생(銅先生)
東坡肉,동파육(東坡肉)
杜若琳,두약림(杜若琳)
鬥酒客,술을 겨루는손님(鬥酒客)
豆護法,두호법(豆護法)
鄧定侯,등정후(鄧定侯)
羅漢丹,나한단(羅漢丹)
羅漢齋,나한재(羅漢齋)
落馬湖,낙마호(落馬湖)
藍蠍子,남갈자(藍蠍子)
狼牙鐧,낭아간(狼牙鐧)
冷羅剎,냉나찰(冷羅剎)
呂總管,여총관(呂總管)
蓮花落,연화락(蓮花落)
玲瓏丹,영롱단(玲瓏丹)
靈蛇鞭,영사편(靈蛇鞭)
靈羽爪,영우조(靈羽爪)
老乞丐,노걸개(老乞丐)
老君山,노군산(老君山)
老叫化,노규화(老叫化)
老頭子,노두자(老頭子)
老魯叔,노노숙(老魯叔)
老闆娘,여주인(老闆娘)
魯班鎖,노반쇄(魯班鎖)
魯少華,노소화(魯少華)
鱸魚膾,노어회(鱸魚膾)
魯長吉,노장길(魯長吉)
老樵夫,노초부(老樵夫)
老婆婆,노파파(老婆婆)
老火鴉,노화아(老火鴉)
雷老大,뇌로대(雷老大)
雷滿堂,뇌만당(雷滿堂)
雷嘯虎,뇌소호(雷嘯虎)
賴秋煌,뇌추황(賴秋煌)
龍夫人,용부인(龍夫人)
龍常病,용상병(龍常病)
龍嘯雲,용소운(龍嘯雲)
龍小雲,용소운(龍小雲)
龍一閃,용일섬(龍一閃)
樓老大,루노대(樓老大)
柳餘恨,유여한(柳餘恨)
柳玉茹,유옥여(柳玉茹)
柳吟松,유음송(柳吟松)
陸小鳳,육소봉(陸小鳳)
凌霄散,능소산(凌霄散)
李狗兒,이구아(李狗兒)
李大嘴,이대취(李大嘴)
李明生,이명생(李明生)
李師娘,이사낭(李師娘)
李師傅,이사부(李師傅)
離心刺,이심자(離心刺)
李尋歡,이심환(李尋歡)
李玉堂,이옥당(李玉堂)
林麻子,임마자(林麻子)
林仙兒,임선아(林仙兒)
林詩音,임시음(林詩音)
林太平,임태평(林太平)
馬秀真,마수진(馬秀真)
馬亦雲,마역운(馬亦雲)
螞蟻幫,마의방(螞蟻幫)
萬金堂,만금당(萬金堂)
萬牲園,만생원(萬牲園)
滿天雲,만천운(滿天雲)
萬春流,만춘류(萬春流)
曼陀羅,만다라(曼陀羅)
梅家莊,매가장(梅家莊)
梅秋湖,매추호(梅秋湖)
梅花針,매화침(梅花針)
梅花鏢,매화표(梅花鏢)
綿裏針,면리침(綿裏針)
明光丹,명광단(明光丹)
明玉功,명옥공(明玉功)
明玉掌,명옥장(明玉掌)
鳴翠柳,명취류(鳴翠柳)
毛公雞,모공계(毛公雞)
牡丹糕,모단고(牡丹糕)
毛毛蟲,모모충(毛毛蟲)
毛猩猩,모성성(毛猩猩)
慕容九,모용구(慕容九)
慕蓉二,모용이(慕蓉二)
木道人,목도인(木道人)
木夫人,목부인(木夫人)
貓頭鷹,묘두응(貓頭鷹)
妙郎君,묘랑군(妙郎君)
妙郎中,묘랑중(妙郎中)
苗燒天,묘소천(苗燒天)
貓熊兒,묘웅아(貓熊兒)
苗天王,묘천왕(苗天王)
無名氏,무명씨(無名氏)
武維揚,무유양(武維揚)
無情劍,무정검(無情劍)
聞香翁,문향옹(聞香翁)
美人淚,미인루(美人淚)
悶雷刀,민뢰도(悶雷刀)
悶雷斬,민뢰참(悶雷斬)
撲天鵰,박천조(撲天鵰)
半山妖,반산요(半山妖)
胖食客,많이먹는식객(胖食客)
方靈姬,방영희(方靈姬)
方龍香,방용향(方龍香)
方心騎,방심기(方心騎)
方千里,방천리(方千里)
培元散,배원산(培元散)
白骨爪,백골조(白骨爪)
白頭鷹,백두응(白頭鷹)
白蠟燭,백납촉(白蠟燭)
白凌霄,백능소(白凌霄)
白螞蟻,백마의(白螞蟻)
白面賊,백면적(白面賊)
白夫人,백부인(白夫人)
白飛飛,백비비(白飛飛)
白山君,백산군(白山君)
白玉京,백옥경(白玉京)
百曉生,백효생(百曉生)
翻江浪,번강랑(翻江浪)
碧澗羹,벽간갱(碧澗羹)
霹靂堂,벽력당(霹靂堂)
碧蛇丹,벽사단(碧蛇丹)
碧絲纏,벽사전(碧絲纏)
碧雪霜,벽설상(碧雪霜)
普庵咒,보암주(普庵咒)
伏牛山,복우산(伏牛山)
鳳歸鳴,봉귀명(鳳歸鳴)
鳳來啼,봉래제(鳳來啼)
鳳尾箭,봉미전(鳳尾箭)
不滅燭,부멸촉(不滅燭)
飛龍式,비룡식(飛龍式)
飛花手,비화수(飛花手)
冰蟾毒,빙섬독(冰蟾毒)
司空斗,사공두(司空斗)
史老頭,사노두(史老頭)
司馬敏,사마민(司馬敏)
司馬煙,사마연(司馬煙)
史蜀雲,사촉운(史蜀雲)
山賊王,산적왕(山賊王)
山泉客,산천객(山泉客)
珊瑚玉,산호옥(珊瑚玉)
散魂水,산혼수(散魂水)
三七散,삼칠산(三七散)
上官飛,상관비(上官飛)
常漫天,상만천(常漫天)
殤魂隱,상혼은(殤魂隱)
生脈散,생맥산(生脈散)
生死劍,생사검(生死劍)
生逝齋,생서재(生逝齋)
徐魯子,서노자(徐魯子)
西門蛟,서문교(西門蛟)
西門烈,서문열(西門烈)
西門玉,서문옥(西門玉)
西門柔,서문유(西門柔)
徐三爺,서삼야(徐三爺)
徐秀兒,서수아(徐秀兒)
徐若愚,서약우(徐若愚)
噬血劍,서혈검(噬血劍)
噬血爪,서혈조(噬血爪)
噬魂蠱,서혼고(噬魂蠱)
石文彪,석문표(石文彪)
石文豹,석문표(石文豹)
石文虎,석문호(石文虎)
石秀雪,석수설(石秀雪)
石人山,석인산(石人山)
石護法,석호법(石護法)
仙女賦,선녀부(仙女賦)
仙子香,선자향(仙子香)
薛家莊,설가장(薛家莊)
雪裡紅,설리홍(雪裡紅)
薛寶寶,설보보(薛寶寶)
說書人,이야기꾼
薛小溫,설소온(薛小溫)
薛小柔,설소유(薛小柔)
薛笑人,설소인(薛笑人)
薛衣人,설의인(薛衣人)
舌底錘,설저추(舌底錘)
薛紅紅,설홍홍(薛紅紅)
閃電刀,섬전도(閃電刀)
世外居,세외거(世外居)
小乞丐,소걸개(小乞丐)
邵空子,소공자(邵空子)
蕭娘子,소낭자(蕭娘子)
素女丹,소녀단(素女丹)
小女孩,소여해(小女孩)
掃堂腿,소당퇴(掃堂腿)
蕭大師,소대사(蕭大師)
小豆子,소두자(小豆子)
少林寺,소림사(少林寺)
小魔星,소마성(小魔星)
蕭咪咪,소미미(蕭咪咪)
小米兒,소미아(小米兒)
笑彌陀,소미타(笑彌陀)
小白飯,소백반(小白飯)
小石子,소석자(小石子)
蘇少英,소소영(蘇少英)
小蘇秦,소소진(小蘇秦)
蘇小波,소소파(蘇小波)
小食客,소식객(小食客)
逍遙椅,소요의(逍遙椅)
蕭秋雨,소추우(蕭秋雨)
小杏花,소행화(小杏花)
銷魂丸,소혼환(銷魂丸)
小火神,소화신(小火神)
小還丹,소환단(小還丹)
續命帖,속명첩(續命帖)
續息丸,속식환(續息丸)
孫大金,손대금(孫大金)
孫藍兒,손남아(孫藍兒)
孫老三,손노삼(孫老三)
孫白髮,손백발(孫白髮)
孫小紅,손소홍(孫小紅)
孫秀青,손수청(孫秀青)
孫天南,손천남(孫天南)
孫駝子,손타자(孫駝子)
松崗劍,송강검(松崗劍)
松紋劍,송문검(松紋劍)
松花餅,송화병(松花餅)
碎石拳,쇄석권(碎石拳)
鎖子甲,쇄자갑(鎖子甲)
水仙花,수선화(水仙花)
守夜者,수야자(守夜者)
淬毒刀,쉬독도(淬毒刀)
蝨子徐,슬자서(蝨子徐)
施榮貴,시영귀(施榮貴)
柴玉關,시옥관(柴玉關)
蝕骨丹,식골단(蝕骨丹)
蝕魄散,식백산(蝕魄散)
神劍訣,신검결(神劍訣)
迅雷步,신뢰보(迅雷步)
神秘人,신비인(神秘人)
神眼鷹,신안응(神眼鷹)
神鳥堂,신조당(神鳥堂)
心蠱爆,심고폭(心蠱爆)
雙羅丹,쌍라단(雙羅丹)
峨嵋派,아미파(峨嵋派)
餓虎崗,아호강(餓虎崗)
惡賭鬼,악도귀(惡賭鬼)
惡水彈,악수탄(惡水彈)
惡人谷,악인곡(惡人谷)
雁翎刀,안령도(雁翎刀)
暗殺劍,암살검(暗殺劍)
野犢子,야독자(野犢子)
藥師傅,약사부(藥師傅)
若水劍,약수검(若水劍)
言掌櫃,언장궤(言掌櫃)
易筋經,역근경(易筋經)
易大經,역대경(易大經)
易明湖,역명호(易明湖)
易如風,역여풍(易如風)
燕南天,연남천(燕南天)
燕返巢,연반소(燕返巢)
燕雙飛,연쌍비(燕雙飛)
燕還劍,연환검(燕還劍)
閻王鞭,염왕편(閻王鞭)
葉秀珠,엽수주(葉秀珠)
迎刃散,영인산(迎刃散)
迎風刀,영풍도(迎風刀)
倪顧芳,예고방(倪顧芳)
五內焚,오내분(五內焚)
吳大嬸,오대심(吳大嬸)
五毒瘴,오독장(五毒瘴)
五麻散,오마산(五麻散)
吳婉兒,오완아(吳婉兒)
五牛圖,오우도(五牛圖)
烏錐匕,오추비(烏錐匕)
玉羅剎,옥나찰(玉羅剎)
翁大娘,옹대낭(翁大娘)
臥虎崗,와호강(臥虎崗)
臥虎刀,와호도(臥虎刀)
王大宏,왕대굉(王大宏)
王大娘,왕대낭(王大娘)
王憐花,왕연화(王憐花)
王陵川,왕능천(王陵川)
王百萬,왕백만(王百萬)
王盛蘭,왕성란(王盛蘭)
王臣佐,왕신좌(王臣佐)
王阿生,왕아생(王阿生)
王雨軒,왕우헌(王雨軒)
王維傑,왕유걸(王維傑)
王二呆,왕이매(王二呆)
王二少,왕이소(王二少)
王一抓,왕일조(王一抓)
王天壽,왕천수(王天壽)
王招弟,왕초제(王招弟)
牛大膽,우대담(牛大膽)
雲紋劍,운문검(雲紋劍)
雲從龍,운종룡(雲從龍)
鬱金香,울금향(鬱金香)
熊大善,웅대선(熊大善)
熊貓兒,웅묘아(熊貓兒)
熊耳山,웅이산(熊耳山)
圓曲刀,원곡도(圓曲刀)
鴛鴦刃,원앙인(鴛鴦刃)
袁紫霞,원자하(袁紫霞)
圍觀者,구경꾼(圍觀者)
魏麻衣,위마의(魏麻衣)
魏無牙,위무아(魏無牙)
魏子雲,위자운(魏子雲)
衛天鷹,위천응(衛天鷹)
魏行龍,위행룡(魏行龍)
幽靈洞,유령동(幽靈洞)
游龍生,유용생(游龍生)
游絲針,유사침(游絲針)
游御生,유어생(游御生)
游鑄生,유주생(游鑄生)
銀鉤手,은구수(銀鉤手)
銀螞蟻,은마의(銀螞蟻)
銀飛針,은비침(銀飛針)
銀絲甲,은사갑(銀絲甲)
隱元劍,은원검(隱元劍)
陰九幽,음구유(陰九幽)
陰陽刀,음양도(陰陽刀)
鷹爪腳,응조각(鷹爪腳)
鷹爪功,응조공(鷹爪功)
二鍋頭,이과두(二鍋頭)
益氣散,익기산(益氣散)
仁義莊,인의장
一帖堂,일첩당(一帖堂)
紫鯨幫,자경방(紫鯨幫)
紫銅甲,자동갑(紫銅甲)
紫羅衣,자라의(紫羅衣)
子卯劍,자묘검(子卯劍)
紫煞手,자살수(紫煞手)
炸子雞,작자계(炸子雞)
雜糧露,잡량로(雜糧露)
張簡齋,장간재(張簡齋)
張金鼎,장금정(張金鼎)
長生劍,장생검(長生劍)
章秀萍,장수평(章秀萍)
張承勳,장승훈(張承勳)
張阿偉,장아위(張阿偉)
張英風,장영풍(張英風)
張依天,장의천(張依天)
蔣赭道,장자도(蔣赭道)
長青擊,장청격(長青擊)
長虹劍,장홍검(長虹劍)
趟子手,쟁자수(趟子手)
赤蠍粉,적갈분(赤蠍粉)
赤蠍手,적갈수(赤蠍手)
赤髮幫,적발방(赤髮幫)
錢不要,전부요(錢不要)
錢不賺,전부잠(錢不賺)
田小三,전소삼(田小三)
絕情劍,절정검(絕情劍)
店小二,점소이(店小二)
接風宴,접풍연(接風宴)
定江棍,정강곤(定江棍)
諸葛剛,제갈강(諸葛剛)
諸葛雷,제갈뢰(諸葛雷)
趙大秤,조대칭(趙大秤)
趙老大,조노대(趙老大)
趙老二,조로이(趙老二)
曹員外,조원외(曹員外)
趙二娘,조이낭(趙二娘)
趙一刀,조일도(趙一刀)
趙正義,조정의(趙正義)
趙香靈,조향령(趙香靈)
縱情劍,종정검(縱情劍)
左輕侯,좌경후(左輕侯)
左公龍,좌공룡(左公龍)
丟果子,주과자(丟果子)
朱管家,주집사(朱管家)
朱大少,주대소(朱大少)
周大嬸,주대심(周大嬸)
硃砂掌,주사장(硃砂掌)
蛛絲纏,주사전(蛛絲纏)
朱小子,주소자(朱小子)
朱七七,주칠칠(朱七七)
竹葉青,죽엽청(竹葉青)
竹節鞭,죽절편(竹節鞭)
竹蜻蜓,죽청정(竹蜻蜓)
中豆子,중두자(中豆子)
智多星,지다성(智多星)
蜘蛛釘,지주정(蜘蛛釘)
蜘蛛香,지주향(蜘蛛香)
蜘蛛俠,지주협(蜘蛛俠)
秦瓊兒,진경아(秦瓊兒)
陳達裕,진달유(陳達裕)
陳大發,진대발(陳大發)
陳敏兒,진민아(陳敏兒)
陳小虎,진소호(陳小虎)
震天雷,진천뢰(震天雷)
真解丸,진해환(真解丸)
秦孝儀,진효의(秦孝儀)
彩雪蛛,채설주(彩雪蛛)
採藥刀,채약도(採藥刀)
採藥人,약초채집꾼(採藥人)
拓雷手,척뢰수(拓雷手)
天哭星,천곡성(天哭星)
天魁星,천괴성(天魁星)
千斤墜,천근추(千斤墜)
千金帖,천금첩(千金帖)
天猛星,천맹성(天猛星)
天煞星,천살성(天煞星)
千星落,천성락(千星落)
天王寨,천왕채(天王寨)
天外天,천외천
穿雲雁,천운안(穿雲雁)
穿腸劍,천장검(穿腸劍)
天吃星,천흘성(天吃星)
鐵蓮子,철련자(鐵蓮子)
鐵無雙,철무쌍(鐵無雙)
鐵山靠,철산고(鐵山靠)
鐵焰彈,철염탄(鐵焰彈)
鐵傳甲,철전갑(鐵傳甲)
鐵嘴丐,철취개(鐵嘴丐)
鐵布衫,철포삼(鐵布衫)
鐵鬍子,철호자(鐵鬍子)
甜孩兒,첨해아(甜孩兒)
貼身靠,첩신고(貼身靠)
青魔手,청마수(青魔手)
清妙散,청묘산(清妙散)
青雲劍,청운검(青雲劍)
清風劍,청풍검(清風劍)
醋罈子,작담자(醋罈子)
楚留香,초류향(楚留香)
草叢彈,초총탄(草叢彈)
崔一洞,최일동(崔一洞)
推拿杵,추나저(推拿杵)
秋鳳梧,추봉오(秋鳳梧)
秋一楓,추일풍(秋一楓)
春滋丸,춘자환(春滋丸)
七殺手,칠살수(七殺手)
沈家人,심가인(沈家人)
沈天君,심천군(沈天君)
快刀術,쾌도술(快刀術)
快活軍,쾌활군(快活軍)
快活林,쾌활림(快活林)
快活王,쾌활왕(快活王)
啄晴手,탁청수(啄晴手)
奪命丹,탈명단(奪命丹)
太歲鏢,태세표(太歲鏢)
透骨釘,투골정(透骨釘)
把式人,파식인(把式人)
破元劍,파원검(破元劍)
巴蜀東,파촉동(巴蜀東)
霸王槍,패왕창(霸王槍)
蝙蝠爪,편복조(蝙蝠爪)
捕獸夾,포수협(捕獸夾)
包烏鴉,포오아(包烏鴉)
包蝦餃,포하교(包蝦餃)
風鈴花,풍령화(風鈴花)
風火輪,풍화륜(風火輪)
何冠軍,하관군(何冠軍)
寒雞散,한계산(寒雞散)
寒蟾露,한섬로(寒蟾露)
寒陰刃,한음인(寒陰刃)
合元劍,합원검(合元劍)
哈哈兒,합합아(哈哈兒)
海哥哥,해가가(海哥哥)
海家班,해가반(海家班)
海棠花,해당화(海棠花)
海四爹,해사다(海四爹)
海紅珠,해홍주(海紅珠)
海闊天,해활천(海闊天)
杏花村,행화촌(杏花村)
向飛天,향비천(向飛天)
懸首刺,현수자(懸首刺)
玄陰勁,현음경(玄陰勁)
血饅頭,혈만두(血饅頭)
血衣人,혈의인(血衣人)
荊無命,형무명(荊無命)
虎大四,호대사(虎大四)
虎大弟,호대제(虎大弟)
虎胖五,호반오(虎胖五)
虎小七,호소칠(虎小七)
護心丹,호심단(護心丹)
胡藥師,호약사(胡藥師)
胡胭脂,호연지(胡胭脂)
胡一刀,호일도(胡一刀)
胡鐵花,호철화(胡鐵花)
紅螞蟻,홍마의(紅螞蟻)
紅孩兒,홍해아(紅孩兒)
火蠍毒,화갈독(火蠍毒)
花姑媽,화고마(花姑媽)
花果仙,화과선(花果仙)
花金弓,화금궁(花金弓)
花肚仙,화두선(花肚仙)
花面仙,화면선(花面仙)
花目仙,화목선(花目仙)
花無缺,화무결(花無缺)
花美人,화미인(花美人)
花半仙,화반선(花半仙)
火鳳凰,화봉황(火鳳凰)
花粉仙,화분선(花粉仙)
花四姑,화사고(花四姑)
華山派,화산파(華山派)
花惜香,화석향(花惜香)
花舌仙,화설선(花舌仙)
和氏璧,화씨벽(和氏璧)
火焰神,화염신(火焰神)
花蕊仙,화예선(花蕊仙)
華玉坤,화옥곤(華玉坤)
花一刀,화일도(花一刀)
花刺仙,화자선(花刺仙)
花掌仙,화장선(花掌仙)
花頂仙,화정선(花頂仙)
花足仙,화족선(花足仙)
化清丹,화청단(化清丹)
花瓣仙,화판선(花瓣仙)
花蝴蝶,화호접(花蝴蝶)
還魂湯,환혼탕(還魂湯)
活絡丸,활락환(活絡丸)
活陳平,활진평(活陳平)
黃連藥,황련약(黃連藥)
黃花蜂,황화봉(黃花蜂)
回馬槍,회마창(回馬槍)
回雁峰,회안봉(回雁峰)
回陽散,회양산(回陽散)
回春帖,회춘첩(回春帖)
灰蝙蝠,회편복(灰蝙蝠)
黑鬼爪,흑귀조(黑鬼爪)
黑面煞,흑면살(黑面煞)
黑衣人,흑의인(黑衣人)
黑蜘蛛,흑지주(黑蜘蛛)
興雲莊,흥운장(興雲莊)
假歸東景,가짜귀동경(假歸東景)
可憐女孩,가련한여아(可憐女孩)
家僕遺體,가복유체(家僕遺體)
嫁衣神功,가의신공(嫁衣神功)
看門弟子,문지기제자(看門弟子)
奸詐商人,간사상인(奸詐商人)
簡二先生,간이선생(簡二先生)
簡帖和尚,간첩화상(簡帖和尚)
喝酒俠女,술마시는협녀(喝酒俠女)
感性文人,감성문인(感性文人)
酣睡村夫,잠든촌부(酣睡村夫)
撼天神劍,감천신검(撼天神劍)
憨厚富商,후한부상(憨厚富商)
江南女俠,강남여협(江南女俠)
江南大俠,강남대협(江南大俠)
江南武師,강남무사(江南武師)
江南富商,강남부상(江南富商)
江南朱家,강남주가(江南朱家)
江南俠客,강남협객(江南俠客)
江東四傑,강동사걸(江東四傑)
強力飛刃,강력비인(強力飛刃)
江府老僕,강부노복(江府老僕)
江洋大漢,강양대한(江洋大漢)
強壯護院,건장한경호원(強壯護院)
江河明珠,강하명주(江河明珠)
江湖劍客,강호검객(江湖劍客)
江湖劍法,강호검법(江湖劍法)
江湖棍法,강호곤법(江湖棍法)
江湖仇家,강호구가(江湖仇家)
江湖拳法,강호권법(江湖拳法)
江湖刀法,강호도법(江湖刀法)
江湖武者,강호무자(江湖武者)
江湖暗器,강호암기(江湖暗器)
江湖遊俠,강호유협(江湖遊俠)
江湖人士,강호인(江湖人士)
江湖俠客,강호협객(江湖俠客)
江湖好漢,강호호걸(江湖好漢)
開朗青年,명랑청년(開朗青年)
丐幫長老,개방장로(丐幫長老)
丐幫弟子,개방제자(丐幫弟子)
開天闢地,개천벽지(開天闢地)
開花五犬,개화오견(開花五犬)
開懷男子,개회남자(開懷男子)
客棧老饕,객잔대식가(客棧老饕)
客棧老闆,객잔주인장(客棧老闆)
客棧常客,객잔단골(客棧常客)
客棧小二,객잔소이(客棧小二)
客棧掌櫃,객잔장궤(客棧掌櫃)
乾坤一劍,건곤일검(乾坤一劍)
乾坤一袋,건곤일대(乾坤一袋)
健談男子,말잘하는남자(健談男子)
健談青年,말잘하는청년(健談青年)
健壯男子,건장남자(健壯男子)
劫匪老大,강도두목(劫匪老大)
激動食客,격동식객(激動食客)
堅守指令,견수지령(堅守指令)
犬牙交錯,견아교착(犬牙交錯)
見義勇為,견의용위(見義勇為)
結巴男子,말더듬는남자(結巴男子)
驚恐女子,겁에질린여자(驚恐女子)
輕功第一,경공제일(輕功第一)
傾國傾城,경국경성(傾國傾城)
驚雷一劈,경뢰일벽(驚雷一劈)
輕浮男子,경박한남자(輕浮男子)
傾城摧夢,경성최몽(傾城摧夢)
輕笑姑娘,가볍게웃는아가씨(輕笑姑娘)
輕笑少女,가볍게웃는소녀(輕笑少女)
傾巢而出,경소이출(傾巢而出)
輕笑俠客,가볍게웃는협객(輕笑俠客)
輕裝改造,경장개조(輕裝改造)
驚慌師兄,경황사형(驚慌師兄)
雞生三蛋,계생삼단(雞生三蛋)
高家護衛,고가호위(高家護衛)
高家後人,고가후인(高家後人)
古怪乞丐,괴상한걸개(古怪乞丐)
苦惱女子,고뇌여자(苦惱女子)
苦惱獵戶,고뇌엽호(苦惱獵戶)
苦惱武者,고뇌무자(苦惱武者)
苦惱師兄,고뇌사형(苦惱師兄)
苦惱車夫,고뇌차부(苦惱車夫)
苦惱俠客,고뇌협객(苦惱俠客)
高談文人,고상한문인(高談文人)
苦練鏢師,고련표사(苦練鏢師)
叩門求見,고문구견(叩門求見)
苦悶俠士,고민협사(苦悶俠士)
古樸老人,소박노인(古樸老人)
顧盼生芳,고반생방(顧盼生芳)
高山白雪,고산백설(高山白雪)
苦笑女子,고소여자(苦笑女子)
苦笑父親,고소부친(苦笑父親)
高瘦男子,고수남자(高瘦男子)
孤身縱馬,고신종마(孤身縱馬)
顧人賣坊,고인매방(顧人賣坊)
枯荷聽雨,고하청우(枯荷聽雨)
孤形吊影,고형조영(孤形吊影)
高興孩子,기쁜아이(高興孩子)
困惑男子,곤혹남자(困惑男子)
困惑師兄,곤혹사형(困惑師兄)
困惑商人,곤혹상인(困惑商人)
困惑鏢師,곤혹표사(困惑鏢師)
恐懼師兄,무서운사형(恐懼師兄)
崆峒門人,공동문인(崆峒門人)
空明軟甲,공명연갑(空明軟甲)
公孫劍舞,공손검무(公孫劍舞)
公孫劫餘,공손겁여(公孫劫餘)
公孫大娘,공손대낭(公孫大娘)
孔雀開屏,공작개병(孔雀開屏)
孔雀門人,공작문인(孔雀門人)
孔雀叛徒,공작반도(孔雀叛徒)
孔雀師妹,공작사매(孔雀師妹)
孔雀死士,공작사사(孔雀死士)
孔雀師姐,공작사저(孔雀師姐)
孔雀山莊,공작산장(孔雀山莊)
孔雀心法,공작심법(孔雀心法)
孔雀弟子,공작제자(孔雀弟子)
瓜果攤販,과일노점상(瓜果攤販)
過隙金駒,과극금구(過隙金駒)
過量火力,과량화력(過量火力)
過路女俠,지나가는여협(過路女俠)
過路旅客,지나가는여행객(過路旅客)
過路商人,지나가는상인(過路商人)
過路壯漢,지나가는장한(過路壯漢)
過路俠客,지나가는협객(過路俠客)
寡言男子,과묵한남자(寡言男子)
瓜子仁兒,과자인아(瓜子仁兒)
官府衙役,관부관리(官府衙役)
關外武師,관외무사(關外武師)
關外雪地,관외설지(關外雪地)
刮骨刀法,괄골도법(刮骨刀法)
聒噪女子,시끄러운여자(聒噪女子)
狂轟亂炸,광굉란작(狂轟亂炸)
廣納百川,광납백천(廣納百川)
掛壁蝙蝠,괘벽편복(掛壁蝙蝠)
轟雷護手,굉뢰호수(轟雷護手)
蛟龍登瀑,교룡등폭(蛟龍登瀑)
嬌蠻千金,교만한천금(嬌蠻千金)
嬌媚女聲,교태로운여자목소리(嬌媚女聲)
狡詐富豪,교활한부호(狡詐富豪)
巧舌男子,말잘하는남자(巧舌男子)
巧舌商人,말잘하는상인(巧舌商人)
巧手男子,손재주좋은남자(巧手男子)
嬌羞女子,수줍은여자(嬌羞女子)
巧手無雙,교수무쌍(巧手無雙)
嬌羞少女,수줍은소녀(嬌羞少女)
狡兔移窟,교토이굴(狡兔移窟)
狡猾商人,교활상인(狡猾商人)
拘謹文人,신중한문인(拘謹文人)
拘謹俠客,신중한협객(拘謹俠客)
龜山山道,귀산산길(龜山山道)
歐陽門房,구양문방(歐陽門房)
歐陽僕役,구양복역(歐陽僕役)
歐陽喜府,구양희부(歐陽喜府)
九現雲龍,구현운룡(九現雲龍)
勾魂使者,구혼사자(勾魂使者)
勾魂攝魄,구혼섭백(勾魂攝魄)
九環大刀,구환대도(九環大刀)
窘迫書生,곤란한서생(窘迫書生)
君山銀針,군산은침(君山銀針)
群猴戲海,군후희해(群猴戲海)
宮鬢美婦,미모의여인(宮鬢美婦)
拳劍雙絕,권검쌍절(拳劍雙絕)
詭異幫眾,기괴한무리(詭異眾)
貴氣俠士,도도한협사(貴氣俠士)
歸東景？,귀동경(歸東景)
鬼魅遊魂,귀매유혼(鬼魅遊魂)
叫賣商人,소리치는상인(叫賣商人)
虯髯大漢,구레나룻대한(虯髯大漢)
極樂金刀,극악금도(極樂金刀)
極樂峒主,극락동주(極樂峒主)
極樂老祖,극락노조(極樂老祖)
極樂聖女,극락성녀(極樂聖女)
極樂聖水,극악성수(極樂聖水)
極樂銷魂,극악소혼(極樂銷魂)
極樂鴆蟲,극악짐충(極樂鴆蟲)
跟隨女子,따라가는여자(跟隨女子)
近戰山賊,근전산적(近戰山賊)
錦屏射雀,금병사작(錦屏射雀)
給我上！,급아상(給我上)！
急躁商人,조급상인(急躁商人)
急風掠境,급풍략경(急風掠境)
急風鐵騎,급풍철기(急風鐵騎)
機關木鳶,기관목연(機關木鳶)
機關操術,기관조술(機關操術)
機關車輪,기관차륜(機關車輪)
奇怪幫眾,괴이한무리(奇怪眾)
嗜賭富商,도박에빠진부상(嗜賭富商)
嗜賭商人,도박에빠진상인(嗜賭商人)
機靈女子,재치여자(機靈女子)
祁門紅茶,기문홍다(祁門紅茶)
氣憤商人,화난얼굴의상인(氣憤商人)
嘰喳女子,수다스런여자(嘰喳女子)
奇石商人,기석상인(奇石商人)
飢餓男子,굶주린남자(飢餓男子)
嗜酒男子,술취한남자(嗜酒男子)
氣吞山河,기탄산하(氣吞山河)
奇貨商人,기화상인(奇貨商人)
緊急輸出,긴급수출(緊急輸出)
緊張富商,긴장부상(緊張富商)
金剛力士,금강역사(金剛力士)
金龍鎖天,금룡쇄천(金龍鎖天)
金杯玉露,금배옥로(金杯玉露)
金鵬王朝,금붕왕조(金鵬王朝)
金錢幫眾,금전방무리(金錢眾)
金鐘鐵甲,금종철갑(金鐘鐵甲)
金樽對月,금준대월(金樽對月)
金槍銀梭,금창은사(金槍銀梭)
金針開穴,금침개혈(金針開穴)
金袍老人,금포노인(金袍老人)
金花胭脂,금화연지(金花胭脂)
南歸俠客,남귀협객(南歸俠客)
男子屍體,남자시체(男子屍體)
南天刀法,남천도법(南天刀法)
南紅瑪瑙,남홍마노(南紅瑪瑙)
內向少年,내향소년(內向少年)
女子屍身,여자시신(女子屍身)
女子屍體,여자시체(女子屍體)
年輕武師,젊은무사(年輕武師)
年輕俠客,젊은협객(年輕俠客)
年邁乞丐,연로한걸개(年邁乞丐)
碾玉觀音,연옥관음(碾玉觀音)
年幼女孩,어린여아(年幼女孩)
年幼小販,어린행상인(年幼小販)
怒濤巨劍,노도거검(怒濤巨劍)
怒面商人,노면상인(怒面商人)
怒火中燒,노화중소(怒火中燒)
惱怒商人,화가난상인(惱怒商人)
惱火商人,열받은상인(惱火商人)
泥龍翻身,이룡번신(泥龍翻身)
泥翅難收,이시난수(泥翅難收)
多慮聽眾,걱정많은청중(多慮聽眾)
多臂仙猿,다비선원(多臂仙猿)
多話男子,말많은남자(多話男子)
段府護院,단부경호원(段府護院)
斷嶽巨劍,단악거검(斷嶽巨劍)
丹藥商人,단약상인(丹藥商人)
斷腸劍客,단장검객(斷腸劍客)
達摩杖法,달마장법(達摩杖法)
膽怯商人,겁많은상인(膽怯商人)
膽怯孩子,겁많은아이(膽怯孩子)
擔憂丫環,걱정하는시녀(擔憂丫環)
踏月留香,답월류향(踏月留香)
唐門高徒,당문고제(唐門高徒)
唐門門人,당문문인(唐門門人)
唐門心法,당문심법(唐門心法)
唐門子弟,당문자제(唐門子弟)
唐門弟子,당문제자(唐門弟子)
糖炒栗子,당초률자(糖炒栗子)
大氣富人,대기부인(大氣富人)
大內高手,대내고수(大內高手)
大頭鬼王,대두귀왕(大頭鬼王)
大羅漢丹,대라한단(大羅漢丹)
大力金剛,대력김강(大力金剛)
大玲瓏丹,대령롱단(大玲瓏丹)
大胖小子,대반소자(大胖小子)
大補心丹,대보심단(大補心丹)
大笑男子,대소남자(大笑男子)
大承氣散,대승기산(大承氣散)
大千金帖,대천금첩(大千金帖)
大嘴食客,입이큰식객(大嘴食客)
大快朵頤,대쾌타이(大快朵頤)
大化清丹,대화청단(大化清丹)
大歡喜樓,대환희루(大歡喜樓)
大活絡丸,대활락환(大活絡丸)
刀劍雙殺,도검쌍살(刀劍雙殺)
刀劍雙絕,도검쌍절(刀劍雙絕)
跳舞女子,춤추는여자(跳舞女子)
倒楣賭客,운나쁜도박꾼(倒楣賭客)
刀槍不入,도창부입(刀槍不入)
挑菜女子,채소고르는여자(挑菜女子)
挑菜婦女,채소고르는부인(挑菜婦女)
挑剔男子,까다로운남자(挑剔男子)
刀疤大漢,도파대한(刀疤大漢)
刀疤武者,도파무자(刀疤武者)
刀疤惡漢,도파악한(刀疤惡漢)
毒蠍美人,독갈미인(毒蠍美人)
毒蠱大法,독고대법(毒蠱大法)
獨孤一鶴,독고일학(獨孤一鶴)
獨眼壞人,독안괴인(獨眼壞人)
敦厚俠客,돈후협객(敦厚俠客)
突擊指令,돌격지령(突擊指令)
冬去春來,동거춘래(冬去春來)
同歸餘燼,동귀여신(同歸餘燼)
動力轉換,동력전환(動力轉換)
童叟無欺,동수무기(童叟無欺)
東瀛武者,동영무자(東瀛武者)
東瀛商人,동영상인(東瀛商人)
東瀛黑刀,동영흑도(東瀛黑刀)
洞天福地,동천복지(洞天福地)
東風破敵,동풍파적(東風破敵)
東梟夜啼,동효야제(東梟夜啼)
鬥雞女童,투계여동(鬥雞女童)
頭疼女子,두통여자(頭疼女子)
頭痛女俠,두통여협(頭痛女俠)
得意商人,득의한상인(得意商人)
等待客人,기다리는손님(等待客人)
等待男子,기다리는남자(等待男子)
等待的人,기다리는사람(等待的人)
等待孩子,기다리는아이(等待孩子)
羅漢陣眼,나한진안(羅漢陣眼)
落馬小弟,낙마소제(落馬小弟)
落馬湖主,낙마호주(落馬湖主)
落魄乞丐,영락한걸개(落魄乞丐)
落魄流氓,삼류건달(落魄流氓)
洛陽礦坑,낙양광갱(洛陽礦坑)
洛陽驛站,낙양역참(洛陽驛站)
洛陽玉商,낙양옥상(洛陽玉商)
落井下石,낙정하석(落井下石)
落拓俠客,영락한협객(落拓俠客)
落風劍法,낙풍검법(落風劍法)
落花紛飛,낙화분비(落花紛飛)
亂戰武人,난전무인(亂戰武人)
爛醉馬夫,만취한마부(爛醉馬夫)
攬客侍女,손님을맞는시녀(攬客侍女)
藍衣劍客,남의검객(藍衣劍客)
藍田墨玉,남전묵옥(藍田墨玉)
浪濤覆海,낭도복해(浪濤覆海)
浪子之心,낭자지심(浪子之心)
狼吞男子,게걸스런남자(狼吞男子)
冷淡商人,냉담상인(冷淡商人)
冷漠路人,냉막행인(冷漠路人)
冷漠老者,냉막노인(冷漠老者)
冷漠鎮民,냉막주민(冷漠鎮民)
冷然青年,차가운청년(冷然青年)
冷靜鏢師,냉정표사(冷靜鏢師)
冷香小築,냉향소축(冷香小築)
兩袖悾悾,양수공공(兩袖悾悾)
良心借貸,양심차대(良心借貸)
兩河俠客,양하협객(兩河俠客)
力劈華山,역벽화산(力劈華山)
練拳鏢師,연권표사(練拳鏢師)
連年有餘,연년유여(連年有餘)
連本帶利,연본대리(連本帶利)
煉藥小童,연약소동(煉藥小童)
漣漪寶刀,연의보도(漣漪寶刀)
靈氣少女,영기소녀(靈氣少女)
領賞少年,현상금 사냥꾼소년(領賞少年)
靈犀一指,영서일지(靈犀一指)
例不虛發,예부허발(例不虛發)
路過酒客,걸어가는주객(路過酒客)
老舊商道,노구상도(老舊商道)
老當益壯,노당익장(老當益壯)
老刀把子,노도파자(老刀把子)
嘮叨和尚,노도화상(嘮叨和尚)
老練劍客,노련검객(老練劍客)
魯莽公子,노망공자(魯莽公子)
魯莽俠客,노망협객(魯莽俠客)
路邊商販,길가노점상(路邊商販)
路邊小販,노변행상인(路邊小販)
路邊小舖,노변소포(路邊小舖)
老西之妻,노서지처(老西之妻)
老實男子,성실한남자(老實男子)
老實商人,성실한상인(老實商人)
老實和尚,노실화상(老實和尚)
綠裙女子,녹색치마여자(綠裙女子)
綠林惡漢,녹림악한(綠林惡漢)
鹿革手套,녹혁수투(鹿革手套)
潦倒乞丐,몰락한걸개(潦倒乞丐)
瞭望村夫,망보는촌부(瞭望村夫)
龍麟手套,용린수투(龍麟手套)
龍蟠虎踞,용반호거(龍蟠虎踞)
龍飛鳳舞,용비봉무(龍飛鳳舞)
龍井茶葉,용정다엽(龍井茶葉)
流氓老大,건달노대(流氓老大)
流氓老三,건달노삼(流氓老三)
流氓老二,건달노이(流氓老二)
柳絮劍法,유서검법(柳絮劍法)
流星飛逝,유성비서(流星飛逝)
流星捉影,유성착영(流星捉影)
柳葉飛刀,유엽비도(柳葉飛刀)
流雲劍法,유운검법(流雲劍法)
流雲飛逝,유운비서(流雲飛逝)
溜月追星,유월추성(溜月追星)
流血靈氣,유혈령기(流血靈氣)
六袋弟子,육대제자(六袋弟子)
六項鼎天,육항정천(六項鼎天)
凌厲女子,용감한여자(凌厲女子)
菱兒母親,능아모친(菱兒母親)
林間馬車,임간마차(林間馬車)
琳瑯童子,임랑동자(琳瑯童子)
立松劍法,입송검법(立松劍法)
立地分金,입지분김(立地分金)
萬家生魔,만가생마(萬家生魔)
萬古長青,만고장청(萬古長青)
漫空針雨,만공침우(漫空針雨)
萬軍突入,만군돌입(萬軍突入)
萬金子弟,만금자제(萬金子弟)
蠻力樵夫,만력초부(蠻力樵夫)
萬馬齊瘖,만마제음(萬馬齊瘖)
萬佛金山,만불금산(萬佛金山)
萬象更新,만상경신(萬象更新)
滿身暗器,만신암기(滿身暗器)
萬氏金針,만씨금침(萬氏金針)
漫遊俠客,유람협객(漫遊俠客)
萬蟻鑽心,만의찬심(萬蟻鑽心)
滿地開花,만지개화(滿地開花)
漫天銀芒,만천은망(漫天銀芒)
漫天火星,만천화성(漫天火星)
滿天花雨,만천화우(滿天花雨)
萬叢花蝶,만총화접(萬叢花蝶)
萬針扎心,만침찰심(萬針扎心)
莽撞少俠,무모한소협(莽撞少俠)
茫然食客,망연식객(茫然食客)
梅家門人,매가문인(梅家門人)
梅家子弟,매가자제(梅家子弟)
梅開二度,매개이도(梅開二度)
賣藥郎中,약을파는의원(賣藥郎中)
賣藝少女,매예소녀(賣藝少女)
梅花門人,매화문인(梅花門人)
梅花三弄,매화삼롱(梅花三弄)
梅花草堂,매화초당(梅花草堂)
陌生姑娘,낯선아가씨(陌生姑娘)
陌生男子,낯선남자(陌生男子)
陌生女子,낯선여자(陌生女子)
陌生少女,낯선소녀(陌生少女)
猛牛奔撞,맹우분당(猛牛奔撞)
猛豬跳牆,맹저도장(猛豬跳牆)
猛豬突進,맹저돌진(猛豬突進)
猛虎撲兔,맹호박토(猛虎撲兔)
猛虎手套,맹호수투(猛虎手套)
猛虎猴群,맹호후군(猛虎猴群)
面具童子,가면동자(面具童子)
面生莊客,초면인장객(面生莊客)
面惡男子,인상이나쁜남자(面惡男子)
名門豪紳,명문귀족(名門豪紳)
摸金校尉,모금교위(摸金校尉)
貌美仕女,미모의여인(貌美仕女)
冒失公子,경솔한공자(冒失公子)
木獸出閘,목수출갑(木獸出閘)
木獸核心,목수핵심(木獸核心)
木鳶飛籠,목연비롱(木鳶飛籠)
木鳶核心,목연핵심(木鳶核心)
沒用劍客,몰용검객(沒用劍客)
蒙面刺客,몽면자객(蒙面刺客)
無孔不入,무공불입(無孔不入)
無關之人,무관한사람(無關之人)
武具商人,무구상인(武具商人)
武器小童,무기소동(武器小童)
無奈女子,무력한여자(無奈女子)
無奈婦人,무력한부인(無奈婦人)
無奈酒客,무력한주객(無奈酒客)
無奈鎮民,무력한주민(無奈鎮民)
無聊之輩,무료한무리(無聊之輩)
無聊孩子,심심한꼬마(無聊孩子)
武林舊事,무림구사(武林舊事)
武林名宿,무림명숙(武林名宿)
武林名俠,무림명협(武林名俠)
武林英俠,무림영협(武林英俠)
武林人士,무림인(武林人士)
武林中人,무림중인(武林中人)
武林豪客,무림호객(武林豪客)
武林豪富,무림호부(武林豪富)
無名浪子,무명랑자(無名浪子)
無名俠客,무명협객(無名俠客)
無縫天衣,무봉천의(無縫天衣)
無鼻怪客,무비괴객(無鼻怪客)
無死仙丹,무사선단(無死仙丹)
巫山雲雨,무산운우(巫山雲雨)
無心動手,무심동수(無心動手)
無雙劍氣,무쌍검기(無雙劍氣)
無牙門人,무아문인(無牙門人)
無牙門主,무아문주(無牙門主)
無影鬼羽,무영귀우(無影鬼羽)
無影薄刃,무영박인(無影薄刃)
舞雩清香,무우청향(舞雩清香)
墨玉梅花,묵옥매화(墨玉梅花)
文雅男士,문아남사(文雅男士)
文弱書生,문약서생(文弱書生)
文靜少女,조용한소녀(文靜少女)
門派使者,문파사자(門派使者)
門派弟子,문파제자(門派弟子)
微笑金毛,미소금모(微笑金毛)
微笑女子,미소여자(微笑女子)
美術測試,미술측시(美術測試)
未飲先醉,미음선취(未飲先醉)
米店老闆,쌀집주인(米店老闆)
未盡全力,미진전력(未盡全力)
迷糊女子,어리숙한여자(迷糊女子)
迷糊商人,어리숙한상인(迷糊商人)
迷魂幻醉,미혼환취(迷魂幻醉)
密謀隊伍,밀모대오(密謀隊伍)
密謀商人,밀모상인(密謀商人)
半人半鬼,반인반귀(半人半鬼)
發楞老婦,기슭에서나온노부(發楞老婦)
潑雪刀法,발설도법(潑雪刀法)
潑風大刀,발풍대도(潑風大刀)
放空師兄,겁먹은사형(放空師兄)
仿孔雀翎,방공작령(仿孔雀翎)
芳情相思,방정상사(芳情相思)
徬徨少女,방황소녀(徬徨少女)
陪酒女子,배주여자(陪酒女子)
扒皮碎骨,배피쇄골(扒皮碎骨)
白家家僕,백가가복(白家家僕)
白駒過隙,백구과극(白駒過隙)
百毒侵身,백독침신(百毒侵身)
百煉鋼刀,백련강도(百煉鋼刀)
百烈護手,백렬호수(百烈護手)
百里長青,백리장청(百里長青)
白馬張三,백마장삼(白馬張三)
白馬兄弟,백마형제(白馬兄弟)
白木道人,백목도인(白木道人)
白髮故居,백발고거(白髮故居)
白髮老人,백발노인(白髮老人)
百兵之主,백병지주(百兵之主)
百步神拳,백보신권(百步神拳)
白書聽眾,백서청중(白書聽眾)
百式暗殺,백식암살(百式暗殺)
百哀盡攬,백애진람(百哀盡攬)
白衣女子,백의여자(白衣女子)
白足黑貓,백족흑묘(白足黑貓)
百辟匕首,백벽비수(百辟匕首)
白毫銀針,백호은침(白毫銀針)
百火燎原,백화료원(百火燎原)
煩惱富豪,번뇌부호(煩惱富豪)
煩躁守衛,초조한수위(煩躁守衛)
煩躁俠客,불평 많은협객(煩躁俠客)
犯睏的人,졸린사람(犯睏的人)
霹靂護手,벽력호수(霹靂護手)
碧蛇神君,벽사신군(碧蛇神君)
碧蛇凝視,벽사응시(碧蛇凝視)
劈柴刀法,벽시도법(劈柴刀法)
碧海青焰,벽해청염(碧海青焰)
碧血雙蛇,벽혈쌍사(碧血雙蛇)
辯論文人,변론문인(辯論文人)
辮子姑娘,땋은머리아가씨(辮子姑娘)
病容男子,병약한남자(病容男子)
寶馬神槍,보마신창(寶馬神槍)
菩薩下凡,보살하범(菩薩下凡)
普洱茶葉,보이다엽(普洱茶葉)
伏魔劍法,복마검법(伏魔劍法)
腹背皆敵,복배개적(腹背皆敵)
福星高照,복성고조(福星高照)
鳳舞九天,봉무구천(鳳舞九天)
鳳尾幫眾,봉미방무리(鳳尾眾)
鳳引九雛,봉인구추(鳳引九雛)
鳳凰于飛,봉황우비(鳳凰于飛)
富家公子,부잣집공자(富家公子)
富家子弟,부잣집자제(富家子弟)
富可敵國,부가적국(富可敵國)
不決莊主,부결장주(不決莊主)
不滿師兄,불만사형(不滿師兄)
不明幫眾,정체불명무리(不明眾)
不明人士,정체불명인(不明人士)
不明刺客,정체불명자객(不明刺客)
不安護院,불안한경호원(不安護院)
芙蓉翡翠,부용비취(芙蓉翡翠)
富有商人,부유상인(富有商人)
富裕商人,부유상인(富裕商人)
富裕俠客,부유협객(富裕俠客)
赴湯蹈火,부탕도화(赴湯蹈火)
不破金甲,부파금갑(不破金甲)
不解男子,이해못한남자(不解男子)
不吃人頭,부흘인두(不吃人頭)
憤怒難耐,분노난내(憤怒難耐)
憤怒酒客,분노주객(憤怒酒客)
焚心竭力,분심갈력(焚心竭力)
紛至沓來,분지답래(紛至沓來)
佛法無邊,불법무변(佛法無邊)
飛林山居,비림산거(飛林山居)
飛舞劍法,비무검법(飛舞劍法)
飛砂掠影,비사략영(飛砂掠影)
飛石貫木,비석관목(飛石貫木)
飛雪寶刀,비설보도(飛雪寶刀)
備用動力,비용동력(備用動力)
飛雨如花,비우여화(飛雨如花)
飛鷹走狗,비응주구(飛鷹走狗)
翡翠金蟾,비취금섬(翡翠金蟾)
翡翠短匕,비취단비(翡翠短匕)
琵琶歌女,비파가녀(琵琶歌女)
飛花殘殤,비화잔상(飛花殘殤)
思考客人,사고객인(思考客人)
思考男子,생각중인남자(思考男子)
思考女子,사고여자(思考女子)
司空摘星,사공적성(司空摘星)
司空曉風,사공효풍(司空曉風)
傻氣魚販,사기어판(傻氣魚販)
四袋弟子,사대제자(四袋弟子)
四靈之首,사령지수(四靈之首)
司馬家丁,사마가일꾼(司馬家丁)
司馬紫衣,사마자의(司馬紫衣)
斯文食客,사문식객(斯文食客)
傻笑商人,사소상인(傻笑商人)
梭巡俠客,사순협객(梭巡俠客)
卸除負重,사제부중(卸除負重)
四條眉毛,사조미모(四條眉毛)
蛇打七寸,사타칠촌(蛇打七寸)
思鄉饕客,향수에빠진대식가(思鄉饕客)
死灰燃燼,사회연신(死灰燃燼)
削香武訣,삭향무결(削香武訣)
山鳴谷應,산명곡응(山鳴谷應)
散魄回生,산백회생(散魄回生)
散步男子,산보남자(散步男子)
散步女子,산보여자(散步女子)
山野樵夫,산야초부(山野樵夫)
山賊頭目,산적두목(山賊頭目)
山下百姓,산하백성(山下百姓)
山火映江,산화영강(山火映江)
殺虎太歲,살호태세(殺虎太歲)
三袋弟子,삼대제자(三袋弟子)
三湘廚娘,삼상주낭(三湘廚娘)
三湘鏢師,삼상표사(三湘鏢師)
三湘俠客,삼상협객(三湘俠客)
颯爽女俠,삽상여협(颯爽女俠)
上官金虹,상관금홍(上官金虹)
上官雪兒,상관설아(上官雪兒)
喪氣俠客,상기협객(喪氣俠客)
商隊護院,상인의경호원(商隊護院)
爽朗食客,상랑식객(爽朗食客)
相思酒客,상사주객(相思酒客)
傷心女俠,상심여협(傷心女俠)
霜月凝華,상월응화(霜月凝華)
商議商人,상의상인(商議商人)
商販助手,노점상조수(商販助手)
塞外商人,새외상인(塞外商人)
塞外玉商,새외옥상(塞外玉商)
生氣武者,생기무자(生氣武者)
西南武師,서남무사(西南武師)
西門顧芳,서문고방(西門顧芳)
西域商人,서역상인(西域商人)
噬血雙刺,서혈쌍자(噬血雙刺)
石榴胭脂,석류연지(石榴胭脂)
仙仙玉手,선선옥수(仙仙玉手)
蟬翼千鈞,선익천균(蟬翼千鈞)
薛家家僕,설가가복(薛家家僕)
薛家劍法,설가검법(薛家劍法)
薛家侍女,설가시녀(薛家侍女)
薛府婢女,설부비녀(薛府婢女)
說書文人,이야기하는문인(說書文人)
說書聽眾,이야기청중(說書聽眾)
雪影舞花,설영무화(雪影舞花)
雪花刀法,설화도법(雪花刀法)
纖纖玉手,섬섬옥수(纖纖玉手)
纖細女子,섬세여자(纖細女子)
閃電八刀,섬전팔도(閃電八刀)
成熟師姐,성숙사저(成熟師姐)
腥紅劍意,성홍검의(腥紅劍意)
世家子弟,세가자제(世家子弟)
世外高人,세외고인(世外高人)
洗衣小童,빨래하는소동(洗衣小童)
小雞啄米,소계탁미(小雞啄米)
消極食客,소극식객(消極食客)
少女饕客,소녀대식가(少女饕客)
小李飛刀,소이비도(小李飛刀)
小李師傅,소이사부(小李師傅)
笑裡藏刀,소리장도(笑裡藏刀)
少林高徒,소림고제(少林高徒)
少林高僧,소림고승(少林高僧)
少林頭陀,소림두타(少林頭陀)
少林羅漢,소림나한(少林羅漢)
少林門人,소림문인(少林門人)
少林僧人,소림승인(少林僧人)
少林長老,소림장로(少林長老)
少林弟子,소림제자(少林弟子)
瀟湘劍客,소상검객(瀟湘劍客)
蕭蕭瑟瑟,소소슬슬(蕭蕭瑟瑟)
瀟灑酒客,소쇄주객(瀟灑酒客)
消瘦男子,소수남자(消瘦男子)
笑顏富商,소안부상(笑顏富商)
笑顏富人,소안부인(笑顏富人)
笑顏少女,소안소녀(笑顏少女)
嘯雲居士,소운거사(嘯雲居士)
小姐護院,소저의경호원(小姐護院)
掃地師兄,소지사형(掃地師兄)
掃地少女,소지소녀(掃地少女)
掃地鏢師,소지표사(掃地鏢師)
消沉男子,소침남자(消沉男子)
小舖茶商,소포다상(小舖茶商)
俏皮俠女,초피협녀(俏皮俠女)
小吃攤販,소흘탄판(小吃攤販)
速戰速決,속전속결(速戰速決)
宋嫂魚羹,송수어갱(宋嫂魚羹)
曬衣女孩,쇄의여해(曬衣女孩)
曬衣婦人,쇄의부인(曬衣婦人)
碎嘴少年,수다스런소년(碎嘴少年)
羞怯男子,수겁남자(羞怯男子)
水果小販,과일행상인(水果小販)
秀氣女子,수기여자(秀氣女子)
秀氣文人,수기문인(秀氣文人)
秀氣書生,수기서생(秀氣書生)
樹大根深,수대근심(樹大根深)
瘦削俠客,마른협객(瘦削俠客)
羞澀女子,수삽여자(羞澀女子)
羞澀少婦,수삽소부(羞澀少婦)
受傷俠客,부상당한협객(受傷俠客)
守船幫眾,수선방무리(守船幫眾)
瘦弱少年,깡마른소년(瘦弱少年)
隨緣師兄,수연사형(隨緣師兄)
獸王內甲,수왕내갑(獸王內甲)
愁容女子,수용여자(愁容女子)
愁容富商,수용부상(愁容富商)
愁容護院,우울한경호원(愁容護院)
守衛村夫,수위촌부(守衛村夫)
垂髫少女,수초소녀(垂髫少女)
守護被動,수호피동(守護被動)
隨興道人,수흥도인(隨興道人)
熟悉聲音,익숙한목소리(熟悉聲音)
巡邏村夫,순찰촌부(巡邏村夫)
純真孩子,순진한꼬마(純真孩子)
嵩陽劍法,숭양검법(嵩陽劍法)
嵩陽鐵劍,숭양철검(嵩陽鐵劍)
拾金過客,습금과객(拾金過客)
拾金路人,습금노인(拾金路人)
施家廚娘,시가주낭(施家廚娘)
視人如雞,시인여계(視人如雞)
市井流氓,시정잡배(市井流氓)
市集路人,시장행인(市集路人)
識人之名,식인지명(識人之名)
蝕日彎刀,식일만도(蝕日彎刀)
迅雷疾風,신뢰질풍(迅雷疾風)
神龍幫眾,신룡방무리(神龍眾)
神目如電,신목여전(神目如電)
神秘高手,신비고수(神秘高手)
神秘男子,신비남자(神秘男子)
神秘老者,신비노자(神秘老者)
神祕少女,신비소녀(神祕少女)
神秘刺客,신비자객(神秘刺客)
神秘俠客,신비협객(神秘俠客)
神秘黑影,신비흑영(神秘黑影)
信陽毛尖,신양모첨(信陽毛尖)
神箭射日,신전사일(神箭射日)
神針刺繡,신침자수(神針刺繡)
神行掮客,신행견객(神行掮客)
神行無影,신행무영(神行無影)
神嚎鬼泣,신호귀읍(神嚎鬼泣)
新婚男子,신혼남자(新婚男子)
新婚女子,신혼여자(新婚女子)
新婚俠客,신혼협객(新婚俠客)
新婚俠女,신혼협녀(新婚俠女)
失神乞丐,실신걸개(失神乞丐)
心寬俠女,심관협녀(心寬俠女)
心動女子,심동여자(心動女子)
尋龍棍法,심룡곤법(尋龍棍法)
尋蛇棍法,심사곤법(尋蛇棍法)
深思富商,심사부상(深思富商)
深思青年,심사청년(深思青年)
深思俠客,심사협객(深思俠客)
十三天魔,십삼천마(十三天魔)
十惡刀法,십악도법(十惡刀法)
雙雞報喜,쌍계보희(雙雞報喜)
雙金共步,쌍금공보(雙金共步)
衙門官兵,아문관병(衙門官兵)
峨嵋劍客,아미검객(峨嵋劍客)
峨嵋劍法,아미검법(峨嵋劍法)
峨嵋高徒,아미고제(峨嵋高徒)
峨嵋鬼窟,아미귀굴(峨嵋鬼窟)
峨嵋女俠,아미여협(峨嵋女俠)
峨嵋門人,아미문인(峨嵋門人)
峨嵋四秀,아미사수(峨嵋四秀)
峨嵋師姐,아미사저(峨嵋師姐)
峨嵋山道,아미산도(峨嵋山道)
峨嵋心法,아미심법(峨嵋心法)
峨嵋弟子,아미제자(峨嵋弟子)
鱷紋手套,악문수투(鱷紋手套)
嶽峰短匕,악봉단비(嶽峰短匕)
惡鼠無牙,악서무아(惡鼠無牙)
惡人谷口,악인곡입구(惡人谷口)
惡人無膽,악인무담(惡人無膽)
樂天聽眾,낙천청중(樂天聽眾)
鱷皮護甲,악피호갑(鱷皮護甲)
雁蝶雙翼,안접쌍익(雁蝶雙翼)
歹徒遺體,대도유체(歹徒遺體)
曖昧男子,애매한남자(曖昧男子)
曖昧女子,애매한여자(曖昧女子)
哀愁詩客,애수시객(哀愁詩客)
愛才如命,애재여명(愛才如命)
哀號乞丐,슬피우는걸개(哀號乞丐)
夜林巡守,야림순수(夜林巡守)
夜不能寐,야부능매(夜不能寐)
野心之火,야심지화(野心之火)
夜影纏綿,야영전면(夜影纏綿)
藥坊伙計,약방점원(藥坊伙計)
弱肉強食,약육강식(弱肉強食)
揚瀾小鎮,양란소진(揚瀾小鎮)
淤泥不染,어니부염(淤泥不染)
魚鱗鐵甲,어린철갑(魚鱗鐵甲)
魚樂之辯,어악지변(魚樂之辯)
魚躍龍門,어약룡문(魚躍龍門)
魚羊燒鮮,어양소선(魚羊燒鮮)
漁貨小販,어물행상인(漁貨小販)
嚴肅商人,엄숙상인(嚴肅商人)
嚴肅俠女,엄숙협녀(嚴肅俠女)
餘燼復燃,여신복연(餘燼復燃)
如意八打,여의팔타(如意八打)
易碎珠寶,역쇄주보(易碎珠寶)
燕子金鏢,연자금표(燕子金鏢)
演出專用,연출전용(演出專用)
熱絡男子,열락남자(熱絡男子)
悅賓客棧,열빈객잔(悅賓客棧)
熱情商人,열정상인(熱情商人)
英氣女子,영기여자(英氣女子)
英武少年,용맹한소년(英武少年)
英偉少年,영웅적소년(英偉少年)
英俊劍客,영준검객(英俊劍客)
英俊俠客,영준협객(英俊俠客)
迎春貴客,봄맞이귀객(迎春貴客)
銳氣武人,예기무인(銳氣武人)
銳氣俠客,예기협객(銳氣俠客)
銳眼老李,예안노리(銳眼老李)
蜈蚣童子,오공동자(蜈蚣童子)
傲氣少女,오기소녀(傲氣少女)
傲氣鐵匠,오기철장(傲氣鐵匠)
五毒童子,오독동자(五毒童子)
五毒噬體,오독서체(五毒噬體)
五毒天水,오독천수(五毒天水)
傲慢藥師,오만약사(傲慢藥師)
傲慢土豪,오만토호(傲慢土豪)
傲慢俠女,오만협녀(傲慢俠女)
烏木內甲,오목내갑(烏木內甲)
五色護身,오색호신(五色護身)
烏衣神劍,오의신검(烏衣神劍)
烏蠶背心,오잠배심(烏蠶背心)
五鴆天水,오짐천수(五鴆天水)
烏合之眾,오합지중(烏合之眾)
玉面郎君,옥면랑군(玉面郎君)
玉面潘郎,옥면반랑(玉面潘郎)
玉面神劍,옥면신검(玉面神劍)
玉石刀法,옥석도법(玉石刀法)
屋中之人,옥중지인(屋中之人)
獄火飛星,옥화비성(獄火飛星)
溫吞秀才,온순한수재(溫吞秀才)
臃腫俠客,뚱뚱한협객(臃腫俠客)
臥虎崗主,와호강주(臥虎崗主)
臥虎小弟,와호소제(臥虎小弟)
王家仕女,왕가사녀(王家仕女)
王大小姐,왕대소저(王大小姐)
王者之氣,왕자지기(王者之氣)
王佐之才,왕좌지재(王佐之才)
猥瑣道人,외쇄도인(猥瑣道人)
繞指柔劍,요지유검(繞指柔劍)
要害攻擊,요해공격(要害攻擊)
欲拒還迎,욕거환영(欲拒還迎)
慾火燎原,욕화료원(慾火燎原)
慵懶文人,게으른문인(慵懶文人)
慵懶守衛,게으른수위(慵懶守衛)
牛氣沖天,우기충천(牛氣沖天)
愚鈍男子,우둔남자(愚鈍男子)
藕粉小販,우분행상인(藕粉小販)
友善守衛,우선수위(友善守衛)
憂愁俠女,우수협녀(憂愁俠女)
優雅女士,우아여사(優雅女士)
憂鬱男子,우울남자(憂鬱男子)
羽衣老人,우의노인(羽衣老人)
郁文先生,욱문선생(郁文先生)
雲淡風輕,운담풍경(雲淡風輕)
雲夢仙子,운몽선자(雲夢仙子)
雲遊郎中,떠도는의원(雲遊郎中)
雲遊商人,운유상인(雲遊商人)
雲遊僧人,떠도는승인(雲遊僧人)
熊霸八方,웅패팔방(熊霸八方)
雄厚功力,웅후공력(雄厚功力)
遠道而來,원도이래(遠道而來)
鴛鴦戲水,원앙희수(鴛鴦戲水)
圓月彎刀,원월만도(圓月彎刀)
遠程山賊,원정산적(遠程山賊)
遠處低語,먼곳의낮은소리(遠處低語)
月落湖膠,월락호교(月落湖膠)
月華斷空,월화단공(月華斷空)
圍觀姑娘,구경하는아가씨(圍觀姑娘)
圍觀觀眾,구경꾼(圍觀觀眾)
圍觀群眾,구경하는군중(圍觀群眾)
圍觀大嬸,구경하는대심(圍觀大嬸)
圍觀老人,구경하는노인(圍觀老人)
圍毆群眾,위구군중(圍毆群眾)
威群鏢局,위군표국(威群鏢局)
衛兵隊長,위병대장(衛兵隊長)
為人莊表,위인장표(為人莊表)
幽谷芝蘭,유곡지란(幽谷芝蘭)
幽靈宮主,유령궁주(幽靈宮主)
幽靈鬼女,유령귀녀(幽靈鬼女)
幽靈鬼爪,유령귀조(幽靈鬼爪)
幽靈綿掌,유령면장(幽靈綿掌)
幽靈莊主,유령장주(幽靈莊主)
幽冥宮主,유명궁주(幽冥宮主)
幽冥夜嚎,유명야호(幽冥夜嚎)
遊手乞丐,유랑걸개(遊手乞丐)
猶豫之人,망설이는사람(猶豫之人)
悠哉少年,한가한소년(悠哉少年)
愉快男子,유쾌남자(愉快男子)
愉快商人,유쾌상인(愉快商人)
幽會男子,밀회남자(幽會男子)
幽會女子,밀회여자(幽會女子)
黝黑大漢,음흑대한(黝黑大漢)
銀鉤男子,은갈고리남자(銀鉤男子)
銀龍翻江,은룡번강(銀龍翻江)
銀龍嘯天,은룡소천(銀龍嘯天)
銀龍吐氣,은룡토기(銀龍吐氣)
銀絲渡虛,은사도허(銀絲渡虛)
銀絲纏手,은사전수(銀絲纏手)
銀絲纏身,은사전신(銀絲纏身)
恩愛俠侶,은애협려(恩愛俠侶)
銀槍穿雲,은창천운(銀槍穿雲)
陰陽刀法,음양도법(陰陽刀法)
霪雨霏霏,음우비비(霪雨霏霏)
飲羽射石,음우사석(飲羽射石)
陰鬱道士,음울도사(陰鬱道士)
陰沉俠客,음침협객(陰沉俠客)
凝神以待,응신이대(凝神以待)
鷹隼劍法,응준검법(鷹隼劍法)
凝風劍法,응풍검법(凝風劍法)
意亂文人,의란문인(意亂文人)
議論男子,의논남자(議論男子)
議論紳豪,의론신호(議論紳豪)
議論平民,의론평민(議論平民)
議論俠客,의론협객(議論俠客)
義薄雲天,의박운천(義薄雲天)
醫者仁心,의자인심(醫者仁心)
義診弟子,의진제자(義診)
醫派弟子,의파제자(醫派弟子)
以寡擊眾,이과격중(以寡擊眾)
以身蓄蛇,이신축사(以身蓄蛇)
以戰養戰,이전양전(以戰養戰)
移花宮女,이화궁녀(移花宮女)
移花大法,이화대법(移花大法)
移花接玉,이화접옥(移花接玉)
仁義三俠,인의삼협(仁義三俠)
仁義莊客,인의장객(仁義莊客)
仁義莊眾,인의장중(仁義莊眾)
認真小二,성실한소이(認真小二)
一件木甲,일건목갑(一件木甲)
一馬平川,일마평천(一馬平川)
一手七殺,일수칠살(一手七殺)
日月雙刺,일월쌍자(日月雙刺)
日月雙槍,일월쌍창(日月雙槍)
一滴封喉,일적봉후(一滴封喉)
一點寒芒,일점한망(一點寒芒)
一枝空折,일지공절(一枝空折)
一指通天,일지통천(一指通天)
一叱開山,일질개산(一叱開山)
一擲萬金,일척만금(一擲萬金)
入迷男子,입미남자(入迷男子)
入迷女子,사랑에빠진여자(入迷女子)
入迷女俠,입미여협(入迷女俠)
入迷富商,입미부상(入迷富商)
入迷少女,입미소녀(入迷少女)
入迷青年,입미청년(入迷青年)
刺客首領,자객수령(刺客首領)
紫鯨幫主,자경방주(紫鯨幫主)
紫鯨幫眾,자경방무리(紫鯨幫眾)
紫金軟劍,자금연검(紫金軟劍)
紫裳女子,보라치마여자(紫裳女子)
嚼心蛀肺,작심주폐(嚼心蛀肺)
殘碧暗金,잔벽암금(殘碧暗金)
雜貨商人,잡화상인(雜貨商人)
雜貨商販,잡화노점상(雜貨商販)
張家家僕,장가가복(張家家僕)
張家丫鬟,장가여종(張家丫鬟)
藏劍高徒,장검고제(藏劍高徒)
藏劍門人,장검문인(藏劍門人)
藏劍山莊,장검산장(藏劍山莊)
藏劍弟子,장검제자(藏劍弟子)
掌櫃妻子,장궤처자(掌櫃妻子)
樟茶鴨子,장다압자(樟茶鴨子)
壯碩男子,건장한남자(壯碩男子)
壯碩酒客,건장한주객(壯碩酒客)
長樂劍客,장락검객(長樂劍客)
庄周夢蝶,장주몽접(庄周夢蝶)
掌中天魔,장중천마(掌中天魔)
藏珍浪客,장진낭객(藏珍浪客)
長青劍法,장청검법(長青劍法)
長青鏢局,장청표국(長青鏢局)
長青鏢師,장청표사(長青鏢師)
爭論男子,쟁론남자(爭論男子)
爭吵女子,말다툼하는여자(爭吵女子)
著迷男子,빠져있는남자(著迷男子)
嘀咕男子,중얼거리는남자(嘀咕男子)
赤蟒皮甲,적망피갑(赤蟒皮甲)
赤髮高手,적발고수(赤髮高手)
赤髮九傑,적발구걸(赤髮九傑)
赤髮大漢,적발대한(赤髮大漢)
赤髮幫眾,적발방무리(赤髮幫眾)
赤髮八怪,적발팔괴(赤髮八怪)
滴水穿石,적수천석(滴水穿石)
赤焰燒天,적염소천(赤焰燒天)
赤羽軟劍,적우연검(赤羽軟劍)
填裝火藥,전장화약(填裝火藥)
戰火飛揚,전화비양(戰火飛揚)
折花女子,절화여자(折花女子)
折花仕女,절화사녀(折花仕女)
折花侍女,절화시녀(折花侍女)
店內侍女,점내시녀(店內侍女)
點心小販,간식행상인(點心小販)
點蒼劍客,점창검객(點蒼劍客)
點蒼師弟,점창사제(點蒼師弟)
精鋼大劍,정강대검(精鋼大劍)
精鋼護手,정강호수(精鋼護手)
精力旺盛,정력왕성(精力旺盛)
精明獵戶,정명엽호(精明獵戶)
正陽佛手,정양불수(正陽佛手)
精壯男子,건장남자(精壯男子)
精準點穴,정준점혈(精準點穴)
精準指令,정준지령(精準指令)
頂尖高手,정첨고수(頂尖高手)
精悍鐵匠,정한철장(精悍鐵匠)
精悍護院,날쌘경호원(精悍護院)
諸葛大夫,제갈대부(諸葛大夫)
醍醐灌頂,제호관정(醍醐灌頂)
粗獷食客,조광식객(粗獷食客)
朝氣商販,활기찬노점상(朝氣商販)
粗魯少年,거친소년(粗魯少年)
趙府家丁,조부가정(趙府家丁)
操心師兄,조심사형(操心師兄)
朝雲夕鶴,조운석학(朝雲夕鶴)
調整透鏡,조정투경(調整透鏡)
朱家千金,주가천금(朱家千金)
主角部隊,주역부대(主角部隊)
珠光腴手,주광유수(珠光腴手)
鑄器名匠,주기명장(鑄器名匠)
酒樓路人,주루행인(酒樓路人)
酒樓小二,주루소이(酒樓小二)
走方郎中,주방랑중(走方郎中)
主線敵人,주적(敵)
朱唇燕語,주순연어(朱唇燕語)
酒鋪小二,술집소이(酒鋪小二)
走鏢路徑,주표로경(走鏢路徑)
準備火藥,준비화약(準備火藥)
俊俏面首,준초면수(俊俏面首)
俊秀俠客,준수협객(俊秀俠客)
中年村民,중년촌민(中年村民)
重樓飛血,중루비혈(重樓飛血)
中原孟嘗,중원맹상(中原孟嘗)
中原武師,중원무사(中原武師)
曾家後人,증가후인(曾家後人)
曾老頭子,증노두자(曾老頭子)
蒸火療法,증화료법(蒸火療法)
持劍俠客,검을든협객(持劍俠客)
指東打西,지동타서(指東打西)
指鹿為馬,지록위마(指鹿為馬)
支離破碎,지리파쇄(支離破碎)
地痞老大,지비노대(地痞老大)
地痞小弟,지비소제(地痞小弟)
蜘蛛童子,지주동자(蜘蛛童子)
—指通天,일지통천(—指通天)
秦家武僕,진가무복(秦家武僕)
秦家護衛,진가호위(秦家護衛)
秦客迷花,진객미화(秦客迷花)
嗔怒心訣,진노심결(嗔怒心訣)
鎮遠門人,진원문인(鎮遠門人)
鎮遠鏢局,진원표국(鎮遠鏢局)
鎮遠鏢師,진원표사(鎮遠鏢師)
振威門衛,진위문위(振威門衛)
振威門人,진위문인(振威門人)
振威鏢局,진위표국(振威鏢局)
振威鏢師,진위표사(振威鏢師)
臻至化境,진지화경(臻至化境)
盡職守衛,진직수위(盡職守衛)
真火投爐,진화투로(真火投爐)
疾風八刀,질풍팔도(疾風八刀)
車內女子,차를탄여자(車內女子)
察察而明,찰찰이명(察察而明)
擦桌少女,찰탁소녀(擦桌少女)
斬鐵重劍,참철중검(斬鐵重劍)
滄浪劍法,창랑검법(滄浪劍法)
蒼白男子,창백남자(蒼白男子)
窗外人聲,창밖목소리(窗外人聲)
蒼熊鐵爪,창웅철조(蒼熊鐵爪)
滄海伏誅,창해복주(滄海伏誅)
採購男子,물건사는남자(採購男子)
採購的人,물건사는사람(採購的人)
彩衣女童,고운옷의여동(彩衣女童)
寨中護法,채중호법(寨中護法)
擲杯山莊,척배산장(擲杯山莊)
天禽門人,천금문인(天禽門人)
天機難測,천기난측(天機難測)
喘氣男子,숨가쁜남자(喘氣男子)
天機老人,천기노인(天機老人)
千金小姐,천금소저(千金小姐)
天南劍客,천남검객(天南劍客)
天南劍容,천남검용(天南劍容)
天落金鵬,천락금붕(天落金鵬)
天魔血神,천마혈신(天魔血神)
千面公子,천면공자(千面公子)
天法大師,천법대사(天法大師)
穿星劍法,천성검법(穿星劍法)
天王斬鬼,천왕참귀(天王斬鬼)
天王寨眾,천왕채무리(天王寨眾)
天王菁英,천왕정예(天王菁英)
天雲蠱毒,천운고독(天雲蠱毒)
天雲毒蟲,천운독충(天雲毒蟲)
天鷹魔刀,천응마도(天鷹魔刀)
天一神水,천일신수(天一神水)
天蠶寶衣,천잠보의(天蠶寶衣)
天絕地滅,천절지멸(天絕地滅)
千刁萬惡,천조만악(千刁萬惡)
天竺彎刀,천축만도(天竺彎刀)
天下莫敵,천하막적(天下莫敵)
天火燎原,천화료원(天火燎原)
鐵甲金剛,철갑금강(鐵甲金剛)
鐵手君子,철수군자(鐵手君子)
鐵匠老鐵,철장노철(鐵匠老鐵)
鐵匠副手,철장조수(鐵匠副手)
鐵匠小鐵,철장소철(鐵匠小鐵)
諂媚公子,첨미공자(諂媚公子)
諂媚跟班,첨미근반(諂媚跟班)
甜言媚語,첨언미어(甜言媚語)
清瞿老者,청구노자(清瞿老者)
青年村民,청년촌민(青年村民)
清麗女子,청려여자(清麗女子)
青樓女子,청루여자(青樓女子)
清貧少女,청빈소녀(清貧少女)
青蛇童子,청사동자(青蛇童子)
青城劍法,청성검법(青城劍法)
聽聲辨位,청성변위(聽聲辨位)
青城長老,청성장로(青城長老)
清秀男子,청수남자(清秀男子)
清秀少女,청수소녀(清秀少女)
清純男子,청순남자(清純男子)
清純女子,청순여자(清純女子)
青煙落霧,청연락무(青煙落霧)
青衣男子,청의남자(青衣男子)
青衣女俠,청의여협(青衣女俠)
青衣三絕,청의삼절(青衣三絕)
青衣婆婆,청의파파(青衣婆婆)
青衣護體,청의호체(青衣護體)
清風一縷,청풍일루(清風一縷)
清閒男子,청한남자(清閒男子)
清閒文人,청한문인(清閒文人)
體寬男子,덩치큰남자(體寬男子)
吵架女子,다투는여자(吵架女子)
焦骨牡丹,초골모단(焦骨牡丹)
草莽大漢,민초대한(草莽大漢)
草莽頭領,민초두령(草莽頭領)
草藥商人,약초상인(草藥商人)
焦躁大漢,초조대한(焦躁大漢)
寸草不生,촌초부생(寸草不生)
匆忙男子,바쁜남자(匆忙男子)
聰慧師妹,총혜사매(聰慧師妹)
聰慧師姐,총혜사저(聰慧師姐)
尷尬男子,난처한남자(尷尬男子)
推銷商人,추소상인(推銷商人)
錐心截脈,추심절맥(錐心截脈)
惆悵乞丐,슬픈걸개(惆悵乞丐)
秋風落葉,추풍락엽(秋風落葉)
秋風落日,추풍락일(秋風落日)
衝動鏢師,충동적인표사(衝動鏢師)
醉步擒王,취보금왕(醉步擒王)
醉生夢死,취생몽사(醉生夢死)
醉意酒客,술에 취한주객(醉意酒客)
吹笛女子,피리부는여자(吹笛女子)
醉蝶過徑,취접과경(醉蝶過徑)
醉酒男子,술취한남자(醉酒男子)
醉酒村夫,술취한촌부(醉酒村夫)
稚氣師妹,치기어린사매(稚氣師妹)
親切男子,친절남자(親切男子)
七袋弟子,칠대제자(七袋弟子)
七步斷腸,칠보단장(七步斷腸)
七彩蜈蚣,칠채오공(七彩蜈蚣)
七彩刺擊,칠채자격(七彩刺擊)
沈家莊客,심가장객(沈家莊客)
沉眠鏢師,잠든표사(沉眠鏢師)
沉默女子,침묵여자(沉默女子)
沉默少女,침묵소녀(沉默少女)
沉默守衛,침묵수위(沉默守衛)
沉默廚子,침묵요리사(沉默廚子)
沉默鐵匠,침묵철장(沉默鐵匠)
沉默俠女,침묵협녀(沉默俠女)
沉迷男子,몰두한남자(沉迷男子)
沉睡男子,잠자는남자(沉睡男子)
沉穩男子,침온한남자(沉穩男子)
沉穩文人,침온한문인(沉穩文人)
沈天君？,심천군(沈天君)
快刀兄弟,쾌도형제(快刀兄弟)
快手老張,쾌수노장(快手老張)
快活舞女,쾌활무녀(快活舞女)
打盹的人,조는적인(打盹的人)
打趣商人,농담하는상인(打趣商人)
打混鏢師,태만한표사(打混鏢師)
啄眼穿腦,탁안천뇌(啄眼穿腦)
彈琴女子,탄금여자(彈琴女子)
嘆氣和尚,탄식하는화상(嘆氣和尚)
彈指神通,탄지신통(彈指神通)
探囊取金,탐낭취금(探囊取金)
貪婪壞人,탐욕스런괴인(貪婪壞人)
貪狼鐵爪,탐랑철조(貪狼鐵爪)
貪杯乞丐,술좋아하는걸개(貪杯乞丐)
貪杯食客,술좋아하는식객(貪杯食客)
貪食村夫,탐식하는촌부(貪食村夫)
貪玩孩子,놀기좋아하는아이(貪玩孩子)
探花拂袖,탐화불수(探花拂袖)
貪吃乞丐,탐식걸개(貪吃乞丐)
貪吃食客,탐식식객(貪吃食客)
貪吃孩子,탐식아이(貪吃孩子)
蕩神秘林,탕신비림(蕩神秘林)
太祖長拳,태조장권(太祖長拳)
太平劍客,태평검객(太平劍客)
太平劍法,태평검법(太平劍法)
太行快刀,태행쾌도(太行快刀)
太湖雷神,태호뢰신(太湖雷神)
太湖電光,태호전광(太湖電光)
通用山賊,통용산적(通用山賊)
通用刺客,일반자객
通幽心訣,통유심결(通幽心訣)
頹喪男子,퇴상남자(頹喪男子)
頹喪守衛,퇴상수위(頹喪守衛)
頹廢商人,퇴폐상인(頹廢商人)
頹廢俠客,퇴폐협객(頹廢俠客)
偷窺男子,투규남자(偷窺男子)
投毒歹徒,투독대도(投毒歹徒)
偷心勾魂,투심구혼(偷心勾魂)
偷王之王,투왕지왕(偷王之王)
偷閒鏢師,투한표사(偷閒鏢師)
跛腳郎中,다리를저는의원(跛腳郎中)
破落山寨,파락산채(破落山寨)
巴山夜雨,파산야우(巴山夜雨)
把式觀眾,파식관중(把式觀眾)
破風飛刀,파풍비도(破風飛刀)
八卦女子,뒷담하는여자(八卦女子)
八卦鎮民,팔괘주민(八卦鎮民)
八門金鎖,팔문금쇄(八門金鎖)
八方客棧,팔방객잔(八方客棧)
八方鎮嶽,팔방진악(八方鎮嶽)
霸王劍法,패왕검법(霸王劍法)
霸王卸甲,패왕사갑(霸王卸甲)
平民男子,평민남자(平民男子)
平民女孩,평민소녀(平民女孩)
平民婦人,평민부인(平民婦人)
飽滿男子,포만남자(飽滿男子)
抱怨婦女,원망부인(抱怨婦女)
抱怨食客,원망식객(抱怨食客)
包子師傅,포자사부(包子師傅)
布莊夥計,포장점원(布莊夥計)
鏢局高徒,표국고제(鏢局高徒)
鏢局門人,표국문인(鏢局門人)
鏢局弟子,표국제자(鏢局弟子)
鏢局快步,표국쾌보(鏢局快步)
品茶男子,품다남자(品茶男子)
瘋老婆婆,미친노파파(瘋老婆婆)
風流子弟,풍류자제(風流子弟)
楓林瀑布,풍림폭포(楓林瀑布)
風騷女子,풍류여자(風騷女子)
風雅饕客,풍아한대식가(風雅饕客)
風雅旅客,풍아여객(風雅旅客)
風雅路人,풍아노인(風雅路人)
豐腴男子,풍유남자(豐腴男子)
瘋子怕打,풍자파타(瘋子怕打)
風塵女子,풍진여자(風塵女子)
疲累侍女,지친시녀(疲累侍女)
疲憊富商,지친부상(疲憊富商)
疲憊商人,지친상인(疲憊商人)
疲憊俠客,지친협객(疲憊俠客)
河東赤髮,하동적발(河東赤髮)
河邊男子,강가남자(河邊男子)
河邊女子,강가여자(河邊女子)
河西白馬,하서백마(河西白馬)
寒江白馬,한강백마(寒江白馬)
閒逛女子,노니는여자(閒逛女子)
閒逛武人,노니는무인(閒逛武人)
閒逛武者,노니는무자(閒逛武者)
閒逛小姐,노니는소저(閒逛小姐)
閒逛的人,노니는사람(閒逛的人)
閒談老者,한담노자(閒談老者)
閒談青年,한담청년(閒談青年)
閑散書生,한산서생(閑散書生)
閒散鎮民,한산주민(閒散鎮民)
含沙射影,함사사영(含沙射影)
杭州姑娘,항주아가씨(杭州姑娘)
杭州大嬸,항주아줌마(杭州大嬸)
杭州旅客,항주여객(杭州旅客)
杭州食客,항주식객(杭州食客)
杭州驛站,항주역참(杭州驛站)
杭州玉商,항주옥상(杭州玉商)
杭州鐵匠,항주철장(杭州鐵匠)
杭州牌癡,항주바보(杭州牌癡)
杭州俠客,항주협객(杭州俠客)
杭州畫師,항주그림선생(杭州畫師)
海棠一色,해당일색(海棠一色)
害羞男子,수줍은남자(害羞男子)
害臊少年,수줍은소년(害臊少年)
行腳商人,행각상인(行腳商人)
行軍指令,행군지령(行軍指令)
行旅過客,행려과객(行旅過客)
幸運賭客,행운도객(幸運賭客)
鄉間農夫,시골농부(鄉間農夫)
香氛百毒,향분백독(香氛百毒)
軒轅三光,헌원삼광(軒轅三光)
軒轅一光,헌원일광(軒轅一光)
玄幽道人,현유도인(玄幽道人)
玄鐵重甲,현철중갑(玄鐵重甲)
血殺刀法,혈살도법(血殺刀法)
血手鑽心,혈수찬심(血手鑽心)
血戰八方,혈전팔방(血戰八方)
血海蜃樓,혈해신루(血海蜃樓)
愜意女俠,만족한여협(愜意女俠)
愜意守衛,만족한수위(愜意守衛)
兄弟之情,형제지정(兄弟之情)
慧黠乞丐,약삭빠른걸개(慧黠乞丐)
好賭富商,도박에빠진부상(好賭富商)
好賭富豪,도박에빠진부호(好賭富豪)
豪邁食客,호탕한식객(豪邁食客)
湖北商人,호북상인(湖北商人)
虎鯊勁裝,호사경장(虎鯊勁裝)
好事之徒,호사지도(好事之徒)
豪奢俠客,호화협객(豪奢俠客)
好色俠客,호색협객(好色俠客)
虎嘯穿山,호소천산(虎嘯穿山)
虎視眈眈,호시탐탐(虎視眈眈)
虎嚥男子,탐욕스럽게먹는남자(虎嚥男子)
豪飲青年,술을즐기는청년(豪飲青年)
虎爪抓心,호조조심(虎爪抓心)
胡吹亂打,호취란타(胡吹亂打)
好閒乞丐,한가한걸개(好閒乞丐)
虎虎生風,호호생풍(虎虎生風)
呼喚友軍,호환우군(呼喚友軍)
胡揮亂砍,호휘란감(胡揮亂砍)
餛飩小販,완탕행상인(餛飩小販)
昏迷女子,혼미여자(昏迷女子)
混元刀法,혼원도법(混元刀法)
混元護手,혼원호수(混元護手)
混戰八方,혼전팔방(混戰八方)
鴻鵠之志,홍곡지지(鴻鵠之志)
紅衫金刀,홍삼금도(紅衫金刀)
紅衫刀客,홍삼도객(紅衫刀客)
紅燒蹄膀,홍소제방(紅燒蹄膀)
紅纓官差,홍영관차(紅纓官差)
紅纓巡捕,홍영순포(紅纓巡捕)
紅纓捕快,홍영포쾌(紅纓捕快)
紅衣少女,홍의소녀(紅衣少女)
紅鞋仇家,홍혜구가(紅鞋仇家)
虹弧彎刀,홍호만도(虹弧彎刀)
洪荒巨獸,홍황거수(洪荒巨獸)
花開富貴,화개부귀(花開富貴)
花刀太歲,화도태세(花刀太歲)
花露胭脂,화로연지(花露胭脂)
華山心法,화산심법(華山心法)
華山弟子,화산제자(華山弟子)
華山陣法,화산진법(華山陣法)
化雪迎春,화설영춘(化雪迎春)
火燒連營,화소련영(火燒連營)
花心男子,바람둥이남자(花心男子)
和顏男子,온화한남자(和顏男子)
和顏商人,온화한상인(和顏商人)
華衣少婦,화려한젊은부인(華衣少婦)
和闐白玉,화전백옥(和闐白玉)
貨真價實,화진가실(貨真價實)
歡樂英雄,환악영웅(歡樂英雄)
歡喜門人,환희문인(歡喜門人)
歡喜出巡,환희출순(歡喜出巡)
活力廚子,활력있는요리사(活力廚子)
活通氣脈,활통기맥(活通氣脈)
荒郊客棧,황교객잔(荒郊客棧)
荒郊雪嶺,황교설령(荒郊雪嶺)
荒郊破廟,황교파묘(荒郊破廟)
慌亂樵夫,혼란초부(慌亂樵夫)
黃花蜂眾,황화봉무리(黃花蜂眾)
黃花蜂后,황화봉후(黃花蜂后)
回聲定位,회성정위(回聲定位)
回游樞機,회유추기(回游樞機)
橫江一窩,횡강일와(橫江一窩)
橫掃千軍,횡소천군(橫掃千軍)
囂張武者,요란한무자(囂張武者)
侯府護衛,후부호위(侯府護衛)
揮毫文人,휘호문인(揮毫文人)
兇神歲破,흉신세파(兇神歲破)
兇惡乞丐,흉악걸개(兇惡乞丐)
兇惡壞人,흉악괴인(兇惡壞人)
兇惡守衛,흉악수위(兇惡守衛)
兇惡草莽,흉악민초(兇惡草莽)
凶狠乞丐,흉포걸개(凶狠乞丐)
黑犀手套,흑서수투(黑犀手套)
黑市商人,암시장상인(黑市商人)
黑暗幻象,흑암환상(黑暗幻象)
黑衣女童,흑의여동(黑衣女童)
黑衣女子,흑의여자(黑衣女子)
黑衣老者,흑의노인(黑衣老者)
黑衣侍衛,흑의시위(黑衣侍衛)
黑衣刺客,흑의자객(黑衣刺客)
黑衣長者,흑의장자(黑衣長者)
黑衣青年,흑의청년(黑衣青年)
黑袍男子,흑포남자(黑袍男子)
吃醋男子,질투남자(吃醋男子)
興勤商販,부지런한노점상(興勤商販)
興奮商人,흥분상인(興奮商人)
興奮少女,흥분소녀(興奮少女)
興奮孩子,흥분해자(興奮孩子)
興雲莊僕,흥운장하인(興雲莊僕)
嘻笑姑娘,미소짓는아가씨(嘻笑姑娘)
嘻笑俠女,미소짓는협녀(嘻笑俠女)
可憐的山賊,가련한산적(可憐的山賊)
殭屍木魅散,강시목매산(殭屍木魅散)
江海凝清光,강해응청광(江海凝清光)
江湖要害訣,강호요해결(江湖要害訣)
江湖第一刀,강호제일도(江湖第一刀)
激動的師兄,격동사형(激動的師兄)
驚夢眠雲散,경몽면운산(驚夢眠雲散)
輕煙上九霄,경연상구소(輕煙上九霄)
輕雲捲殘霞,경운권잔하(輕雲捲殘霞)
苦惱的師兄,고뇌사형(苦惱的師兄)
枯木逢春丹,고목봉춘단(枯木逢春丹)
困惑的師妹,곤혹사매(困惑的師妹)
棺材店夥計,관재점점원(棺材店夥計)
礦材採集點,광재채집점(礦材採集點)
矯如驂龍翔,교여참룡상(矯如驂龍翔)
九句鎮嶽刀,구구진악도(九句鎮嶽刀)
九幽舞天寒,구유무천한(九幽舞天寒)
九幽伏黑火,구유복흑화(九幽伏黑火)
九幽生冥訣,구유생명결(九幽生冥訣)
九幽生冥指,구유생명지(九幽生冥指)
九幽絕陰陣,구유절음진(九幽絕陰陣)
九轉彤雲丹,구전동운단(九轉彤雲丹)
九環七震刀,구환칠진도(九環七震刀)
窮光蛋賭徒,빈털터리도박꾼(窮光蛋賭徒)
歸東景侍從,귀동경시종(歸東景侍從)
橘底測試員,귤저측시원(橘底測試員)
極樂峒高徒,극락동고제(極樂峒高徒)
極樂峒教眾,극락동교중(極樂峒教眾)
極樂峒門徒,극락동문도(極樂峒門徒)
極樂峒門人,극락동문인(極樂峒門人)
極樂峒心法,극악동심법(極樂峒心法)
極樂峒餘孽,극락동잔당(極樂峒餘孽)
極樂峒弟子,극락동제자(極樂峒弟子)
極樂峒菁英,극락동정예(極樂峒菁英)
極樂峒護法,극락동호법(極樂峒護法)
極樂三聖女,극악삼성녀(極樂三聖女)
急風十三劍,급풍십삼검(急風十三劍)
急風十三式,급풍십삼식(急風十三式)
急風第七騎,급풍제칠기(急風第七騎)
急風第八騎,급풍제팔기(急風第八騎)
麒麟紫金刀,기린자금도(麒麟紫金刀)
起死復生丹,기사복생단(起死復生丹)
奇異的女子,기이한여자(奇異的女子)
金家機關人,금가기관인(金家機關人)
金背砍山刀,금배감산도(金背砍山刀)
金線白絲手,금선백사수(金線白絲手)
金烏照月膽,금오조월담(金烏照月膽)
金錢幫高手,금전방고수(金錢幫高手)
金錢幫幫主,금전방방주(金錢幫幫主)
金錢幫幫眾,금전방무리(金錢幫幫眾)
金錢幫少主,금전방소주(金錢幫少主)
女菩薩面首,여보살노리개남자(女菩薩面首)
女菩薩門徒,여보살문도(女菩薩門徒)
寧死不吃虧,영사부흘휴(寧死不吃虧)
唐家鐵蒺藜,당가철질려(唐家鐵蒺藜)
唐門大公子,당문대공자(唐門大公子)
糖葫蘆小販,당호로행상인(糖葫蘆小販)
大漠炙荒魂,대막자황혼(大漠炙荒魂)
大風堂高徒,대풍당고제(大風堂高徒)
大風堂門人,대풍당문인(大風堂門人)
大風堂心法,대풍당심법(大風堂心法)
大風堂弟子,대풍당제자(大風堂弟子)
大歡喜客棧,대환희객잔(大歡喜客棧)
大歡喜神功,대환희신공(大歡喜神功)
倒楣的山賊,몰락한산적(倒楣的山賊)
盜帥夜留香,도수야류향(盜帥夜留香)
銅製渾天儀,동제혼천의(銅製渾天儀)
癩痢頭小剛,대머리소강(癩痢頭小剛)
羅漢伏虎拳,나한복호권(羅漢伏虎拳)
落花游魚圖,낙화유어도(落花游魚圖)
亂披風刀法,난피풍도법(亂披風刀法)
藍蠍子手下,남갈자수하(藍蠍子手下)
浪回雲湧劍,낭회운용검(浪回雲湧劍)
廬山雲霧茶,여산운무다(廬山雲霧茶)
綠袍靈劍客,녹포령검객(綠袍靈劍客)
龍蛇吞象功,용사탄상공(龍蛇吞象功)
流光雙飛刺,유광쌍비자(流光雙飛刺)
六字真解丸,육자진해환(六字真解丸)
立地銷魂散,입지소혼산(立地銷魂散)
螞蟻幫幫眾,마의방무리(螞蟻幫眾)
螞蟻幫菁英,마의방정예(螞蟻幫菁英)
萬金堂分舵,만금당분타(萬金堂分舵)
萬金堂少主,만금당소주(萬金堂少主)
萬花叢中過,만화총중과(萬花叢中過)
梅家莊高徒,매가장고제(梅家莊高徒)
梅家莊門人,매가장문인(梅家莊門人)
梅家莊心法,매가장심법(梅家莊心法)
梅家莊弟子,매가장제자(梅家莊弟子)
陌生的莊客,낯선장객(陌生的莊客)
明月落平湖,명월락평호(明月落平湖)
摸爬滾打劍,모파곤타검(摸爬滾打劍)
妙舞神揚揚,묘무신양양(妙舞神揚揚)
妙手空空丸,묘수공공환(妙手空空丸)
妙手丹青散,묘수단청산(妙手丹青散)
妙手三不治,묘수삼부치(妙手三不治)
妙手回春丹,묘수회춘단(妙手回春丹)
密室機關人,밀실기관인(密室機關人)
搏擊機關人,후려치는기관인(搏擊機關人)
白馬幫幫主,백마방방주(白馬幫幫主)
百曉生故居,백효생고거(百曉生故居)
霹靂堂高徒,벽력당고제(霹靂堂高徒)
霹靂堂門人,벽력당문인(霹靂堂門人)
霹靂堂弟子,벽력당제자(霹靂堂弟子)
霹靂雷火彈,벽력뢰화탄(霹靂雷火彈)
復仇的李挺,복수의 이정(復仇的李挺)
鳳凰單展翅,봉황단전시(鳳凰單展翅)
富春山居圖,부춘산거도(富春山居圖)
憤怒的男子,분노한남자(憤怒的男子)
分水峨嵋刺,분수아미자(分水峨嵋刺)
飛龍大九式,비룡대구식(飛龍大九式)
非天修羅刀,비천수라도(非天修羅刀)
飛花無處尋,비화무처심(飛花無處尋)
鑌鐵判官筆,빈철판관필(鑌鐵判官筆)
絲蘿倚喬木,사라의교목(絲蘿倚喬木)
四刃鑌鐵鐧,사인빈철간(四刃鑌鐵鐧)
酸菜白肉鍋,산채백육과(酸菜白肉鍋)
殺人如搗蒜,살인여도산(殺人如搗蒜)
殺虎三絕手,살호삼절수(殺虎三絕手)
三湘副鏢頭,삼상부표두(三湘副鏢頭)
狀元樓小二,상원루소이(狀元樓小二)
狀元樓掌櫃,상원루주인(狀元樓掌櫃)
生肌玉骨膏,생기옥골고(生肌玉骨膏)
生死齋高徒,생사재고제(生死齋高徒)
生死齋門人,생사재문인(生死齋門人)
生死齋心法,생사재심법(生死齋心法)
生死齋弟子,생사재제자(生死齋弟子)
西山一窟鬼,서산일굴귀(西山一窟鬼)
西湖畔李子,서호반리자(西湖畔李子)
石槌機關人,석추기관인(石槌機關人)
雪花鑌鐵刀,설화빈철도(雪花鑌鐵刀)
纖手惹戰火,섬수야전화(纖手惹戰火)
小鳳與尼姑,소봉여니고(小鳳與尼姑)
隨和的男子,온화한남자(隨和的男子)
神拳小諸葛,신권소제갈(神拳小諸葛)
神秘青衣客,신비청의객(神秘青衣客)
神秘黑衣人,신비흑의인(神秘黑衣人)
神仙一日醉,신선일일취(神仙一日醉)
十六羅漢錢,십륙라한전(十六羅漢錢)
十殿閻羅刀,십전염라도(十殿閻羅刀)
峨嵋派門人,아미파문인(峨嵋派門人)
餓虎崗劫匪,아호강강도(餓虎崗劫匪)
餓虎崗流氓,아호강건달(餓虎崗流氓)
惡人谷居民,악인곡거민(惡人谷居民)
惡人谷神醫,악인곡신의(惡人谷神醫)
安靜的師弟,안정사제(安靜的師弟)
藥材採集點,약재채집점(藥材採集點)
煙雨斷腸絲,연우단장사(煙雨斷腸絲)
軟羽纏手護,연우전수호(軟羽纏手護)
悅賓客棧外,열빈객잔밖(悅賓客棧外)
迎風一刀斬,영풍일도참(迎風一刀斬)
羿射九日落,예사구일락(羿射九日落)
烏鸞赤金劍,오란적금검(烏鸞赤金劍)
五虎斷門刀,오호단문도(五虎斷門刀)
幽冥攫魂爪,유명확혼조(幽冥攫魂爪)
肉包子打狗,육포자타구(肉包子打狗)
銀鈎雙鐵筆,은구쌍철필(銀鈎雙鐵筆)
銀河落九天,은하락구천(銀河落九天)
陰陽刀傳人,음양도전인(陰陽刀傳人)
鷹爪門第子,응조문제자(鷹爪門第子)
耳語的師妹,속삭이는사매(耳語的師妹)
伊賀谷傳人,이하곡전인(伊賀谷傳人)
人鬼殊途刀,인귀수도도(人鬼殊途刀)
一刀鎮九州,일도진구주(一刀鎮九州)
一刀治頭痛,일도치두통(一刀治頭痛)
一舞動四方,일무동사방(一舞動四方)
一指判生死,일지판생사(一指判生死)
紫鯨守船人,자경수선인(紫鯨守船人)
子午問心釘,자오문심정(子午問心釘)
子午追魂沙,자오추혼사(子午追魂沙)
自在如意珠,자재여의주(自在如意珠)
長歌飛虹劍,장가비홍검(長歌飛虹劍)
藏劍小師妹,장검소사매(藏劍小師妹)
掌櫃毛不拔,장궤모부발(掌櫃毛不拔)
壯碩看門人,장석간문인(壯碩看門人)
長醉不願醒,장취부원성(長醉不願醒)
爭辯的師兄,논쟁사형(爭辯的師兄)
赤髮幫餘孽,적발방잔당(赤髮幫餘孽)
赤髮幫菁英,적발방정예(赤髮幫菁英)
戰鬥測試員,전투측시원(戰鬥測試員)
戰火紛飛揚,전화분비양(戰火紛飛揚)
折花苑室外,절화원실외(折花苑室外)
折花苑圍事,절화원위사(折花苑圍事)
點血截脈針,점혈절맥침(點血截脈針)
左公龍弟子,좌공룡제자(左公龍弟子)
朱家七味飲,주가칠미음(朱家七味飲)
朱女俠鬧莊,주녀협뇨장(朱女俠鬧莊)
振威副鏢頭,진위부표두(振威副鏢頭)
振威趟子手,진위쟁자수(振威趟子手)
天勾伏鷹爪,천구복응조(天勾伏鷹爪)
天山雪魄精,천산설백정(天山雪魄精)
天王斬鬼刀,천왕참귀도(天王斬鬼刀)
天雲五花綿,천운오화면(天雲五花綿)
天蠶烏絲手,천잠오사수(天蠶烏絲手)
穿腸毒藥劍,천장독약검(穿腸毒藥劍)
天香紫雲膏,천향자운고(天香紫雲膏)
鐵家大弟子,철가대제자(鐵家大弟子)
鐵家六弟子,철가육제자(鐵家六弟子)
鐵家四弟子,철가사제자(鐵家四弟子)
鐵家三弟子,철가삼제자(鐵家三弟子)
鐵家小師妹,철가소사매(鐵家小師妹)
鐵家五弟子,철가오제자(鐵家五弟子)
鐵家二弟子,철가이제자(鐵家二弟子)
鐵膽定乾坤,철담정건곤(鐵膽定乾坤)
鐵膽震八方,철담진팔방(鐵膽震八方)
清靈鎮痛丸,청령진통환(清靈鎮痛丸)
青巒金紋刀,청만금문도(青巒金紋刀)
清明上河圖,청명상하도(清明上河圖)
清風女劍客,청풍녀검객(清風女劍客)
清風十三式,청풍십삼식(清風十三式)
清風吹玉面,청풍취옥면(清風吹玉面)
春山伴侶圖,춘산반려도(春山伴侶圖)
嘴大吃四方,취대흘사방(嘴大吃四方)
嘴鬥愛好者,취투애호자(嘴鬥愛好者)
七巧化骨散,칠교화골산(七巧化骨散)
七仙女行曲,칠선녀행곡(七仙女行曲)
七星透骨針,칠성투골침(七星透骨針)
七世七纏爪,칠세칠전조(七世七纏爪)
沈天君幻影,심천군환영(沈天君幻影)
快刀幫幫主,쾌도방방주(快刀幫幫主)
蕩魔刀傳人,탕마도전인(蕩魔刀傳人)
特製機關人,특제기관인(特製機關人)
判官打穴筆,판관타혈필(判官打穴筆)
八方歸元丹,팔방귀원단(八方歸元丹)
片葉不沾身,편엽부첨신(片葉不沾身)
拼命佔便宜,평명점편의(拼命佔便宜)
暴雨梨花釘,폭우리화정(暴雨梨花釘)
風雨雙流星,풍우쌍류성(風雨雙流星)
風雨雙鷹式,풍우쌍응식(風雨雙鷹式)
杏花村乞丐,행화촌걸개(杏花村乞丐)
虎林七太歲,호림칠태세(虎林七太歲)
紅鞋子八妹,홍혜자팔매(紅鞋子八妹)
花落不留痕,화락부류흔(花落不留痕)
黃蜂連環螫,황봉련환석(黃蜂連環螫)
黃底測試員,황저측시원(黃底測試員)
黃泉夜引弓,황천야인궁(黃泉夜引弓)
黃花蜂首領,황화봉수령(黃花蜂首領)
黃花蜂迴陣,황화봉회진(黃花蜂迴陣)
回天救命丹,회천구명단(回天救命丹)
黑煞催命丸,흑살최명환(黑煞催命丸)
黑衣人首領,흑의인수령(黑衣人首領)
黑衣人屍體,흑의인시체(黑衣人屍體)
黑衣人遺體,흑의인유체(黑衣人遺體)
興雲莊大廳,흥운장대청(興雲莊大廳)
興雲莊門房,흥운장문지기(興雲莊門房)
興雲莊僕人,흥운장하인(興雲莊僕)
興雲莊室外,흥운장실외(興雲莊室外)
興雲莊莊主,흥운장장주(興雲莊莊主)
興雲莊總管,흥운장총관(興雲莊總管)
可疑的黑衣人,의심스런흑의인(可疑的黑衣人)
孔雀山莊高徒,공작산장고제(孔雀山莊高徒)
孔雀山莊門人,공작산장문인(孔雀山莊門人)
孔雀山莊弟子,공작산장제자(孔雀山莊弟子)
龜孫子大老爺,구손자대노야(龜孫子大老爺)
鬼窟用仁義莊,귀굴용인의장(鬼窟用仁義莊)
極樂峒代門主,극락동대문주(極樂峒代門主)
極樂峒大師姊,극락동대사자(極樂峒大師姊)
極樂峒小師弟,극락동소사제(極樂峒小師弟)
給予行動機會,급여행동기회(給予行動機會)
急風三十六騎,급풍삼십육기(急風三十六騎)
金家機關魁儡,금가기관괴뢰(金家機關魁儡)
大力鷹爪神功,대력응조신공(大力鷹爪神功)
大風堂智多星,대풍당지다성(大風堂智多星)
大歡喜女菩薩,대환희녀보살(大歡喜女菩薩)
賣包子的小販,만두노점상(賣包子的小販)
迷死人不償命,미사인부상명(迷死人不償命)
不滅燭(改),부멸촉(不滅燭)(개(改))
不明的黑衣人,정체불명흑의인(不明的黑衣人)
憤怒的易如風,분노한 역여풍(憤怒的易如風)
薛家侍女小溫,설가시녀소온(薛家侍女小溫)
薛家侍女小柔,설가시녀소유(薛家侍女小柔)
水磨八稜鋼鞭,수마팔릉강편(水磨八稜鋼鞭)
十八路短截手,십팔로단절수(十八路短截手)
餓虎崗的屍體,아호강시체(餓虎崗的屍體)
王憐花分身們,왕련화(王憐花)분신들
耳語的小師弟,속삭이는소사제(耳語的小師弟)
移花宮大宮主,이화궁대궁주(移花宮大宮主)
移花宮大弟子,이화궁대제자(移花宮大弟子)
移花宮二宮主,이화궁이궁주(移花宮二宮主)
長樂山莊弟子,장악산장제자(長樂山莊弟子)
天南劍派弟子,천남검파제자(天南劍派弟子)
天下第一美人,천하제일미인(天下第一美人)
聽說書的姑娘,이야기듣는아가씨(聽說書的姑娘)
聽說書的大嬸,이야기듣는아줌마(聽說書的大嬸)
聽說書的老人,이야기듣는노인(聽說書的老人)
快速跳過人員,쾌속도과인원(快速跳過人員)
判定(隱藏),판정(判定)(은장(隱藏))
瘋狂的方千里,실성한 방천리(瘋狂的方千里)
被遺忘的孩子,피유망적해자(被遺忘的孩子)
見識未深的俠女,신출내기협녀(見識未深的俠女)
雞鳴五鼓返魂香,계명오고반혼향(雞鳴五鼓返魂香)
歐陽喜府拍賣會,구양희부박매회(歐陽喜府拍賣會)
琴藝高超的女子,금연주에능한여자(琴藝高超的女子)
緊背低頭花裝弩,긴배저두화장노(緊背低頭花裝弩)
多情劍客無情劍,다정검객무정검(多情劍客無情劍)
跳蚤幫四大天王,도조방사대천왕(跳蚤幫四大天王)
萬綠叢中一點紅,만록총중일점홍(萬綠叢中一點紅)
苗燒天(棄用),묘소천(苗燒天)
美術測試用場景,미술측시용장경(美術測試用場景)
背叛的唐門高徒,배반한당문고제(背叛的唐門高徒)
背叛的唐門門人,배반한당문문인(背叛的唐門門人)
背叛的唐門弟子,배반한당문제자(背叛的唐門弟子)
背叛的少林高徒,배반한소림고제(背叛的少林高徒)
背叛的少林門人,배반한소림문인(背叛的少林門人)
背叛的少林弟子,배반한소림제자(背叛的少林弟子)
背叛的峨嵋高徒,배반한아미고제(背叛的峨嵋高徒)
背叛的峨嵋門人,배반한아미문인(背叛的峨嵋門人)
背叛的峨嵋弟子,배반한아미제자(背叛的峨嵋弟子)
背叛的鏢局高徒,배반한표국고제(背叛的鏢局高徒)
背叛的鏢局門人,배반한표국문인(背叛的鏢局門人)
背叛的鏢局弟子,배반한표국제자(背叛的鏢局弟子)
百病百疼催生丸,백병백동최생환(百病百疼催生丸)
飛魚凌空十八刺,비어릉공십팔자(飛魚凌空十八刺)
城府很深的男子,속셈이깊은남자(城府很深的男子)
笑裡藏刀三暗器,소리장도삼암기(笑裡藏刀三暗器)
手足無措的商人,수족무조적상인(手足無措的商人)
神龍幫總瓢把子,신룡방총표파자(神龍幫總瓢把子)
玉連環閃電八刀,옥련환섬전팔도(玉連環閃電八刀)
天下第一聰明人,천하제일총명인(天下第一聰明人)
測試潛入用人員,측시잠입용인원(測試潛入用人員)
楓林瀑布公孫用,풍림폭포공손용(楓林瀑布公孫用)
楓林瀑布蘇櫻用,풍림폭포소앵용(楓林瀑布蘇櫻用)
楓林瀑布小紅用,풍림폭포소홍용(楓林瀑布小紅用)
楓林瀑布七七用,풍림폭포칠칠용(楓林瀑布七七用)
黃底測試員02,황저측시원(黃底測試員)
橫江一窩黃花蜂,횡강일와황화봉(橫江一窩黃花蜂)
嗅到商機的商人,꿀냄새맡은상인(嗅到商機的商人)
胸懷大志的少年,야망이있는소년(胸懷大志的少年)
改變章節旗標人員,개변장절기표인원(改變章節旗標人員)
關底、英雄線敵人,비슷한적(敵)
九天十地羅喉神針,구천십지라후신침(九天十地羅喉神針)
刀劍雙殺四十九式,도검쌍살사십구식(刀劍雙殺四十九式)
背叛的極樂峒高徒,배반한극락동고제(背叛的極樂峒高徒)
背叛的極樂峒門人,배반한극락동문인(背叛的極樂峒門人)
背叛的極樂峒弟子,배반한극락동제자(背叛的極樂峒弟子)
背叛的大風堂高徒,배반한대풍당고제(背叛的大風堂高徒)
背叛的大風堂門人,배반한대풍당문인(背叛的大風堂門人)
背叛的大風堂弟子,배반한대풍당제자(背叛的大風堂弟子)
背叛的梅家莊高徒,배반한매가장고제(背叛的梅家莊高徒)
背叛的梅家莊門人,배반한매가장문인(背叛的梅家莊門人)
背叛的梅家莊弟子,배반한매가장제자(背叛的梅家莊弟子)
背叛的霹靂堂高徒,배반한벽력당고제(背叛的霹靂堂高徒)
背叛的霹靂堂門人,배반한벽력당문인(背叛的霹靂堂門人)
背叛的霹靂堂弟子,배반한벽력당제자(背叛的霹靂堂弟子)
背叛的生死齋高徒,배반한생사재고제(背叛的生死齋高徒)
背叛的生死齋門人,배반한생사재문인(背叛的生死齋門人)
背叛的生死齋弟子,배반한생사재제자(背叛的生死齋弟子)
移花接玉(測試),이화접옥(移花接玉)(시험용)
穿腸毒瘴(棄用),천장독장(穿腸毒瘴)(기용(棄用))
偷天換日捉月大仙,투천환일착월대선(偷天換日捉月大仙)
楓林瀑布白飛飛用,풍림폭포백비비용(楓林瀑布白飛飛用)
蝴蝶穿花七十二式,호접천화칠십이식(蝴蝶穿花七十二式)
胡吹亂打(棄用),호취란타(胡吹亂打)(기용(棄用))
好兄弟，幫扛一下,호형제(好兄弟)，방강일하(幫扛一下)
背叛的孔雀山莊高徒,배반한공작산장고제(背叛的孔雀山莊高徒)
背叛的孔雀山莊門人,배반한공작산장문인(背叛的孔雀山莊門人)
背叛的孔雀山莊弟子,배반한공작산장제자(背叛的孔雀山莊弟子)
背叛的藏劍山莊高徒,배반한장검산장고제(背叛的藏劍山莊高徒)
背叛的藏劍山莊門人,배반한장검산장문인(背叛的藏劍山莊門人)
背叛的藏劍山莊弟子,배반한장검산장제자(背叛的藏劍山莊弟子)
醫仙(尚未有增加濺射範圍),의선(醫仙)(상미유증가천사범위(尚未有增加濺射範圍))
移花接玉(常駐版，沒用到),이화접옥(移花接玉)(상주판(常駐版)，몰용도(沒用到))
擺拍用洛陽_內含擺拍NPC,파박용락양(擺拍用洛陽)_내함파박(內含擺拍)NPC
孔雀,공작
山莊,산장
藏劍,장검
令牌,령패
梅花,매화
施家莊,시가장(施家莊)
極樂,극락
風雲,풍운
華山,화산
江家父子,강가부자(江家父子)
狀元樓,장원루
折花苑,절화원
高家,고가
莊客,장객
